temperature,humidity,rainfall,soil_type,region,crop_type
20.409400444453546,42.1596642865654,85.52142678370802,Clayey,South,Soybean
20.835059768873595,52.24434864442556,92.60257789068692,Loamy,North,Wheat
22.291589457520185,54.48924154456733,85.75690421592083,Loamy,West,Barley
25.064295638199717,55.81869034097885,83.85921993462952,Loamy,East,Rice
25.44852709800323,48.88040740517245,89.9466873588826,Sandy,West,Maize
20.62181013383723,64.2254315461955,83.1518770307911,Loamy,East,Maize
19.284981525896765,47.36593894336097,114.74140436224417,Sandy,South,Barley
33.5780122563547,66.16982764646187,80.83750184861363,Loamy,South,Barley
26.39402094379139,60.96820468704208,101.26948036896458,Loamy,North,Maize
23.41911470531089,50.01088681481711,99.26386003508756,Clayey,North,Rice
30.293072489644267,59.755716423032396,92.65511245069939,Sandy,West,Maize
38.56728635141799,55.473253065976984,108.9856253601931,Clayey,North,Wheat
27.131302645823748,47.03803565805167,116.57258728806183,Loamy,West,Soybean
27.26562633791381,58.08897407080816,74.43853556667449,Sandy,East,Maize
29.680179075307176,70.07266877874561,68.41057961724209,Loamy,West,Rice
31.528226896910276,59.8940251172694,100.72261221288103,Clayey,East,Rice
25.340826847241335,65.6495243271943,91.82285559732058,Clayey,South,Soybean
19.65963333008893,55.225684183593074,92.09015366772645,Clayey,West,Rice
19.710971491075604,62.509403255279615,80.76803019653775,Sandy,South,Barley
23.974060260266068,55.81649278215903,122.24728229820272,Clayey,West,Wheat
22.39476760790125,45.52399205211811,70.97660240596929,Clayey,South,Soybean
25.1944026865391,72.83406198392586,80.44224349906891,Sandy,East,Maize
16.812204585534165,59.16218964981564,90.83086542148892,Clayey,North,Rice
24.086043965286294,83.85487771759449,113.91606866812893,Sandy,South,Barley
27.469979549422558,64.6931819662367,79.13511999579096,Sandy,West,Wheat
29.749871257628968,51.7085901115724,106.79240898833929,Loamy,East,Barley
23.39954118215437,71.83085743263638,75.63723285082776,Sandy,West,Soybean
23.44057443292568,55.52002642249461,88.15179874203201,Loamy,West,Barley
29.294072015396416,66.90858748819555,113.21416951195829,Sandy,South,Wheat
26.87029606517749,60.159054944558946,109.74026634063652,Loamy,East,Rice
20.55507704900036,69.15856692848696,74.64900373063952,Loamy,South,Wheat
20.011601323626557,60.9018153792475,125.89067603584218,Loamy,North,Wheat
18.504921959318786,44.16397310513277,138.00137445469687,Sandy,North,Rice
21.131341539681575,65.34499911309493,107.89356730498999,Sandy,East,Rice
28.62998699366976,58.142901780477,93.38118011038209,Clayey,North,Rice
31.040841297062695,50.100642510931834,102.40155747516884,Sandy,South,Rice
29.503948089612837,57.09838796821891,99.56892686101362,Sandy,North,Maize
23.271819119949193,70.37439555472767,109.39823612268616,Clayey,East,Soybean
23.040624270594787,61.59419877077272,111.04850840347953,Loamy,South,Soybean
31.9396528544035,87.3052999402928,83.83168131752959,Sandy,South,Rice
29.57931377826506,76.7893862582538,108.06438859602603,Clayey,East,Rice
26.257587174435784,60.080358391348,78.21666530691533,Sandy,East,Rice
28.35121816602317,54.226127914080664,90.06697523172753,Clayey,South,Maize
25.733955140061088,53.77965924956991,92.05238781933102,Sandy,East,Wheat
23.76240681001013,67.62829581430947,79.32148811540463,Sandy,West,Rice
27.736062620702555,52.53177544152304,117.80998082129437,Loamy,North,Soybean
37.373196168963915,64.32063550454592,88.32943600444221,Clayey,North,Rice
29.078340951511105,44.18532186143291,137.09253277752958,Sandy,South,Barley
20.05210566712177,48.13313128772721,134.0639615393872,Loamy,East,Wheat
24.09890474063352,54.620914064242115,75.28458430219875,Clayey,South,Wheat
22.883341357395338,48.70591323817371,107.64738409389084,Sandy,East,Rice
25.6343793178152,58.12253624717777,102.73687406485153,Loamy,East,Maize
24.39279592188199,51.126376706599245,84.38120371661026,Sandy,North,Wheat
32.739328224733185,73.47945359047033,86.7262697672694,Clayey,North,Barley
24.37710031467468,60.87782345250933,92.36898689285964,Sandy,East,Maize
22.269199053058845,64.0304027187018,84.6093500000191,Sandy,North,Maize
22.400894412548485,70.87896630324875,124.91936394707453,Clayey,West,Soybean
19.450451912348985,61.75782897109947,80.75576501701482,Sandy,West,Soybean
27.87729878445031,46.75631808636353,99.2634264742215,Loamy,West,Wheat
23.065934697176452,66.45190728505978,148.4031621071575,Loamy,North,Rice
36.444717702124905,70.9935731501544,136.70945636839843,Sandy,South,Soybean
29.553809948914783,50.97848458421952,68.915386968903,Sandy,North,Rice
31.50021334949649,79.39427009383945,73.32701404203831,Sandy,South,Rice
27.349793477806564,59.29296814753805,105.11762819023133,Clayey,East,Barley
20.73933948848753,52.74567484529016,105.49648831706155,Sandy,West,Maize
25.536533809410038,48.23427489810865,126.30864896146133,Loamy,East,Rice
22.03469074583242,68.01566716700191,123.84177306623884,Clayey,South,Maize
25.04533821873458,52.48033000081089,106.51703751359982,Loamy,South,Wheat
27.547669168168195,52.299276208608525,92.35892762285044,Sandy,East,Wheat
29.849459688592397,60.9761706864196,103.24767729640305,Loamy,West,Soybean
26.096671252156863,75.77357893648062,132.80970786748762,Loamy,North,Wheat
28.163180826198012,53.251821473362725,96.87160643559807,Loamy,North,Rice
31.80208150112839,57.233690381465976,104.31613626716711,Clayey,North,Wheat
26.611611464415404,67.37032064902783,109.3138739694244,Loamy,West,Soybean
22.14772365656086,53.174714276786304,111.65834253121497,Clayey,East,Maize
20.77566126773935,48.94995945067906,62.42920299764465,Clayey,South,Soybean
15.212249445069952,69.63189310897468,91.44627526661067,Loamy,East,Wheat
22.709300910856694,58.88740325638775,75.34412420628956,Clayey,South,Soybean
24.150248198514376,63.61316820669097,116.49849687233592,Loamy,North,Wheat
26.19416878921882,70.73478576546925,56.71131836316306,Sandy,East,Rice
20.8592829327663,64.97979319392041,112.25051948315416,Sandy,North,Rice
25.118043941321467,74.29197858937064,120.82837793458151,Loamy,North,Rice
18.138550054507665,59.00762375934698,118.04255147557126,Clayey,East,Barley
20.635514674641037,59.87757952620805,89.64703621557888,Sandy,South,Soybean
27.811375036013164,72.16408365117564,80.77604499042948,Sandy,South,Rice
26.38977295159732,59.065411593352415,102.22854257620273,Clayey,East,Rice
26.268818375678816,38.38076508008849,88.28434745567549,Clayey,East,Maize
36.099580278044456,59.65114426346864,111.54811078767722,Clayey,North,Soybean
32.75332759472814,66.56815353647242,54.12271964145155,Loamy,East,Barley
9.666486742228424,62.53837549625292,94.42988982966278,Sandy,East,Wheat
30.937085679213773,67.17668555909381,98.04797141695695,Sandy,North,Barley
23.828699687307758,57.65856875554104,117.20546137291905,Sandy,West,Barley
28.378001455371663,66.3365030195974,91.74507892122281,Sandy,North,Wheat
29.203380086618633,65.1740164453274,101.2046045766014,Sandy,West,Barley
26.230123579163777,62.35056655368088,94.19344639383938,Loamy,South,Maize
23.133626854281435,46.30054315071164,95.46473548345865,Loamy,West,Wheat
23.75337330197162,68.29121761693135,100.64523943914058,Sandy,West,Rice
22.63203699018424,43.998018652725406,81.07084013309475,Clayey,West,Wheat
29.993004761567555,54.09807470522101,72.90051909023649,Sandy,South,Barley
16.198150838768747,55.74970050319206,117.07089267467923,Sandy,West,Rice
18.41989454044314,64.05216671383867,91.99834536247482,Sandy,South,Rice
27.078425969664163,57.30705333398984,121.87574632908127,Clayey,South,Wheat
29.627740014119972,47.75897058008076,128.6626505955024,Clayey,West,Rice
26.208451167847233,61.57094903187931,105.27722803057814,Clayey,West,Maize
23.628083537005672,63.748200210415014,112.22273561518179,Clayey,South,Soybean
19.879337001882227,64.15750826492157,101.73622822235508,Sandy,South,Wheat
29.283630917602405,47.95037101766944,129.42078488576988,Clayey,South,Maize
23.724809093239273,68.85274319588626,96.21066219829719,Clayey,West,Rice
22.43029506609409,52.45879277596617,89.40765743048408,Clayey,West,Barley
16.835474968895454,42.87950872671919,111.90227043028085,Loamy,East,Soybean
28.601718677112185,56.314128092749314,103.48002951452237,Loamy,East,Barley
25.092998647804084,81.37087440394473,76.89706940831041,Clayey,South,Rice
18.722138069020403,63.13894270789882,54.92615605392422,Sandy,West,Maize
26.046607559850074,98.55424405586052,82.19464770447009,Loamy,South,Barley
39.70500077843986,72.77392871106399,90.14532271014473,Loamy,North,Wheat
22.537903171334044,56.494440590141544,92.85064583609645,Loamy,West,Barley
25.714058611443228,73.02025580831685,104.81491802491607,Sandy,South,Maize
26.151988815872723,67.74047464960982,83.3185189060386,Sandy,West,Wheat
24.470671831724843,65.33260282882932,115.08547254114174,Loamy,South,Maize
20.491737697413647,62.98226329903624,90.69851048040368,Loamy,North,Rice
19.333652212728357,62.70059047115209,109.71601204703798,Clayey,North,Barley
23.197540486585943,53.73121574783985,84.85675808789338,Clayey,South,Rice
27.75458486524139,61.625464392602126,115.17808702428775,Sandy,West,Maize
29.953880955377883,68.3700156785049,107.65448112184099,Clayey,West,Maize
27.724197579681736,55.35127148537897,104.69953554602465,Loamy,South,Maize
18.509249579051353,60.907047745363485,58.604171594767976,Clayey,North,Wheat
22.857305351309424,60.83504277282641,54.55432428271123,Loamy,West,Wheat
16.483304914823393,66.61312637791077,83.99587984964269,Clayey,South,Rice
26.191858017938195,65.59039200017148,61.283236139464435,Loamy,North,Wheat
17.327057275292592,59.24009022359406,110.00879413482025,Loamy,North,Rice
19.83675110003414,60.5803767563653,90.8527731797561,Loamy,West,Soybean
26.2509117170235,74.26082020640236,81.07613219546505,Loamy,North,Maize
22.201319556426608,60.9774979226039,82.09332584418433,Sandy,West,Wheat
19.63707993190645,55.615468407952825,113.19008799242948,Clayey,East,Soybean
25.49801257520606,61.418470901971105,142.38470642054722,Loamy,West,Barley
30.549759988023194,62.0132721190318,94.87765253696307,Loamy,North,Barley
24.369545163563735,54.94082370081098,101.62916931684838,Sandy,West,Wheat
27.063082415515783,53.54633570313961,93.0554666358897,Loamy,South,Maize
24.745031279141052,54.230375023907726,105.0685514970653,Clayey,North,Soybean
22.2221193560567,42.84453520793366,115.48737571331054,Loamy,South,Wheat
26.24028349043148,73.48990116124662,96.06674603404703,Clayey,North,Wheat
29.76750738095773,54.39330443669811,80.68465424872193,Loamy,West,Maize
24.93536939420344,58.358850977804224,102.27957001930976,Clayey,West,Wheat
18.7208377861445,62.76111694955,78.74863926907679,Sandy,North,Wheat
25.832570641198956,63.46467012502849,141.4419837018395,Sandy,West,Soybean
35.51767462096363,69.19478195448889,106.17580049921123,Loamy,South,Barley
22.312121237094175,80.08418936021424,107.77701607046028,Sandy,South,Rice
19.06350436195281,75.21935818714343,128.1210312509253,Loamy,West,Rice
30.63209514943764,80.42386224094996,128.96630314113668,Clayey,North,Rice
15.528671153880612,59.87138911114207,139.1427945682648,Clayey,North,Barley
24.836744905782947,64.37940446909546,64.37214109370683,Sandy,West,Rice
26.7676193628938,60.2055807553705,80.37230345223871,Loamy,South,Soybean
30.22400084645438,43.06568747065202,86.62074654955013,Sandy,South,Wheat
16.166668717571778,42.55582968715531,100.15785819455594,Loamy,West,Rice
30.96594789314274,56.68673694890382,118.17597343193538,Clayey,West,Wheat
26.588641617741153,48.69551093154557,114.17845735366583,Clayey,East,Soybean
28.571871229713295,66.86381760878861,83.67940143250308,Clayey,North,Maize
22.172345044470596,53.824928869366346,112.46393617484799,Clayey,East,Rice
22.575928779261265,70.55887662345741,97.12175376032658,Clayey,North,Soybean
26.72616684571207,59.180921912065955,94.49545205608565,Clayey,East,Barley
33.6485557834055,28.732331541804026,138.83881489278127,Clayey,West,Wheat
25.87369072630778,67.29682535628507,86.9455634703572,Sandy,West,Barley
23.89764150836495,54.42689189718453,125.66863777347768,Sandy,North,Maize
26.41251834427176,38.708604414835435,95.67211616253644,Sandy,North,Soybean
23.171630998552196,51.035606942542486,62.35729608132865,Loamy,South,Soybean
26.275835208253934,63.41676786975684,91.29637368820183,Clayey,South,Maize
18.187265654348657,59.25952696967845,117.94405103862584,Clayey,East,Barley
28.79153200008567,52.30267730594226,95.9861899181615,Clayey,North,Rice
23.11524263430775,55.65223796383363,118.03066447427273,Loamy,West,Rice
22.037682646187708,71.16728319735225,64.42738427268857,Clayey,East,Maize
18.956125687213436,39.04935948249066,86.6590448592458,Sandy,North,Soybean
26.60137950971676,81.40444632092692,100.89718570780333,Clayey,South,Barley
24.846142203338214,84.27909214212974,130.8722311302443,Sandy,West,Wheat
27.152350155760857,76.95575583484654,84.1093913053862,Sandy,North,Wheat
35.76561641385297,52.37526047292069,88.38451311848448,Loamy,West,Rice
29.05762148068298,52.16577380704746,111.27393024227406,Clayey,South,Soybean
13.759358924325191,52.21174101079831,75.54514461528134,Clayey,West,Maize
23.37558004979123,59.588212954716255,99.47398281496811,Sandy,West,Barley
24.36041510084734,47.70773566071065,89.76917885073105,Loamy,South,Wheat
28.469523604582264,49.1784369182661,121.38068427618236,Sandy,South,Soybean
22.521560317860164,61.57571881102652,128.05417850657633,Clayey,South,Barley
26.202299610466184,60.866861886852355,78.68827692653083,Loamy,East,Soybean
21.723980247853603,57.03074473798707,47.09951481690229,Clayey,North,Maize
23.454249741739282,78.3399833158379,112.52406225648024,Loamy,East,Barley
22.319711770865545,39.37300753661485,111.93030704415777,Sandy,West,Barley
25.188617586721797,52.78052514321553,95.81900651122444,Sandy,East,Barley
26.003232369621234,75.17332867220819,86.83248345752364,Sandy,West,Barley
36.22703106072099,60.04810733686003,113.17498923867228,Loamy,South,Rice
25.310953989606787,54.29960786206712,101.03769491238366,Clayey,West,Rice
21.469708643974638,46.312014234668155,50.46666259453934,Clayey,North,Rice
23.7451070304512,67.99110278321253,110.99167226442079,Loamy,South,Barley
19.282887333803757,41.3493509189792,116.04366177609184,Sandy,South,Barley
21.25480598615353,65.61034319390816,88.63986833669003,Sandy,East,Barley
28.474087631491646,52.30705259092491,80.63651018440258,Clayey,West,Rice
34.893869911271075,45.830924547697585,114.07219036182425,Clayey,North,Barley
24.55797012612562,60.846952969502404,90.54879021396528,Clayey,South,Barley
27.001124517850688,63.69387159730328,118.3039840283551,Loamy,South,Soybean
34.25518495161673,62.15418536780318,121.58140797227722,Sandy,West,Maize
22.43030340238638,58.47390592961055,73.17546797993924,Clayey,East,Soybean
25.7356286847605,64.29720354624922,121.43263974816445,Loamy,East,Rice
27.539580980610836,51.953367206868236,80.4073528144639,Loamy,North,Maize
29.173179591725447,70.38548135672487,104.78530807939583,Clayey,West,Maize
17.41970946834453,54.31856361910176,103.22332086135046,Sandy,South,Soybean
25.329285079069276,51.66372769289167,67.68003692190531,Loamy,East,Soybean
20.73400290455323,73.9319459825857,89.71272293091856,Sandy,East,Wheat
37.5322267958084,62.22682290179466,92.91129317921336,Loamy,South,Rice
26.65234064274469,42.27575961780002,68.45001113316849,Sandy,North,Barley
18.48871507020803,51.018408418224205,142.02029443417334,Clayey,North,Barley
25.106113571500224,67.87446002164263,121.22360971816619,Loamy,North,Rice
25.74195532635211,63.68087599734769,97.97473544008538,Loamy,South,Wheat
32.178812727612545,61.000091929299046,130.56903179506412,Loamy,North,Wheat
27.38635883387834,60.448817461095445,94.39444143575726,Sandy,East,Soybean
25.047728443054357,73.93124781752637,112.7462411948393,Loamy,East,Rice
22.82892627767427,56.875090428379465,86.90591652377074,Sandy,East,Wheat
30.307158576597377,55.01692787531691,123.89075418816628,Clayey,West,Maize
22.23259593888438,54.207946794542565,97.96447205330665,Clayey,West,Rice
26.1439932413332,79.05757564241478,129.18680845903577,Sandy,West,Rice
34.44085765185269,63.045573860450375,123.92750645675889,Clayey,West,Rice
20.799621390498825,56.57850398348979,105.70196909900338,Loamy,South,Maize
37.56017701743788,60.53652799586256,123.22663236257976,Loamy,West,Wheat
31.40951024661977,80.38956535832197,98.84072663193638,Clayey,North,Maize
20.76375955091619,63.46514843764822,121.8136395268902,Sandy,North,Rice
28.729851447946896,59.26426356870132,79.89928761470428,Sandy,East,Barley
23.283293152374796,64.81339932405993,122.20559475442553,Clayey,North,Rice
13.893950170581515,65.18610284854458,94.1259592388536,Sandy,North,Rice
31.060244597241837,70.93107958675279,89.81707734358906,Loamy,West,Rice
18.320308901425555,61.26292701583178,56.998780462615,Loamy,North,Barley
18.71494739618751,55.583873869553926,54.95835016849157,Clayey,West,Soybean
24.883187272766232,56.8223399846402,82.10655501888198,Clayey,North,Soybean
20.101426750471056,45.28868216729906,92.88182338522486,Loamy,East,Wheat
26.064535098129845,59.95729911110029,108.84310212613849,Clayey,South,Rice
21.041999606645533,76.67674221165693,119.51441248044465,Sandy,North,Wheat
36.81685156313685,52.897449460814954,113.65974491434167,Loamy,South,Rice
28.821083040006947,69.43781913503062,67.43491642958045,Clayey,North,Wheat
27.07688578123958,62.44811212310832,141.4114836955654,Clayey,East,Soybean
28.353025697424634,74.92919606329026,130.64651909333793,Sandy,East,Wheat
21.574979535812083,57.803015252997085,85.06053303256184,Loamy,East,Maize
22.254969004878063,44.15278574785675,62.06043677189356,Sandy,South,Wheat
23.620242801479446,63.11179560549329,99.21331018789098,Clayey,West,Maize
29.021208963736587,60.403535927330026,123.10824131489647,Clayey,West,Soybean
26.203894540123418,49.38805654810207,100.49951048412193,Loamy,South,Barley
23.323869500535128,64.55956731345107,130.63294619095976,Clayey,East,Soybean
26.718356592915384,63.09415612061544,77.0959559677913,Loamy,North,Wheat
32.29990608755686,61.65104575763869,87.35684790703837,Clayey,North,Rice
30.439027852691943,71.26529496676932,131.53036616060737,Sandy,West,Maize
27.332259493860423,72.64094768909764,112.388984700953,Loamy,South,Soybean
17.89661378331861,50.633673131084464,65.55001538069166,Loamy,South,Barley
24.756559064355553,66.62102919659839,91.0578780449913,Loamy,North,Wheat
27.414361562571802,68.81232430275409,110.33653302809587,Sandy,South,Rice
22.494223213346196,59.85822807660911,84.3128133869698,Sandy,South,Maize
28.16495241409522,74.9045081128844,121.96777865985632,Sandy,East,Barley
23.748228319868005,49.007318518402,96.42298111611032,Sandy,East,Wheat
23.954415627896598,70.81955795234342,108.02771747440212,Sandy,West,Soybean
26.47187900493369,50.89151617928889,111.81118810230102,Clayey,South,Soybean
24.406241374687866,61.114447455608605,107.65635069914843,Loamy,North,Wheat
21.400398162764414,44.67573852058769,108.2679796560844,Clayey,South,Wheat
27.805158061066038,55.25866735570716,79.16329391594444,Sandy,North,Soybean
32.1354290267064,64.31406731481636,91.92374128206357,Clayey,North,Rice
26.865424702062896,67.21342437920285,104.75322142149498,Clayey,North,Barley
35.05886321740723,68.78451727628912,95.93054120108792,Sandy,East,Soybean
30.041532317162023,60.21865289667759,115.74497746473112,Clayey,North,Wheat
29.681662579536134,53.0590986115781,102.97473654051613,Sandy,West,Soybean
27.53548030081437,73.92825688131722,117.67030537725667,Sandy,East,Soybean
22.849918956124654,64.60550513539302,80.975150276076,Sandy,West,Maize
32.55880038817042,62.416973430239466,104.04564194654888,Loamy,North,Rice
30.664264085743984,58.27114199593677,112.68056583012279,Clayey,East,Barley
28.68622825942308,55.44239311109675,105.7963212530985,Clayey,South,Wheat
25.85083593418063,58.69058643168758,120.46148850126076,Clayey,North,Soybean
27.065973590603814,58.60588589665346,88.57740214076237,Loamy,West,Rice
17.652202581364826,47.65813204036036,115.88193980656924,Sandy,East,Maize
24.515804477013422,56.575355763436995,78.74828718384092,Sandy,West,Rice
19.59640866200104,69.71906310842829,133.9851824295548,Clayey,East,Maize
33.6598072811585,65.02941695380154,146.21383322159087,Clayey,West,Barley
22.417089997183083,65.90281422174486,126.96204441254062,Loamy,West,Barley
26.268434176546776,53.12952070524666,75.2780871803322,Sandy,West,Barley
30.612798852220315,56.56951553858431,101.93412972980461,Clayey,South,Wheat
24.5651744333034,74.74734659343717,103.24811845401973,Clayey,East,Rice
27.04359632280559,60.61286779565294,82.68611922684323,Loamy,North,Rice
25.25322411424855,77.86896107773379,101.42362646037714,Loamy,West,Barley
19.717664775645005,62.771935495391915,87.10180934938086,Clayey,East,Maize
19.267982583597412,55.73788020960792,82.80003237906831,Sandy,North,Wheat
24.111799212756196,65.06620403898768,80.77091353782133,Loamy,East,Barley
23.5823399166032,58.359437225548696,122.24025767928728,Loamy,North,Soybean
32.313241393715735,58.35978273044508,85.58122734942152,Clayey,North,Wheat
25.415795245979137,51.016373892939896,62.65312496703339,Loamy,South,Maize
22.58471196820541,63.37266133991828,106.5308453035316,Loamy,West,Maize
21.587169633389326,59.35385452700716,96.68028647689441,Clayey,North,Maize
22.52369408408508,35.108202795009916,112.98162937914736,Loamy,West,Maize
18.86924761366211,57.31737988128077,74.64508405222222,Loamy,West,Maize
21.505009163903303,59.75639166197244,83.83591881402455,Sandy,East,Wheat
25.63706920554401,63.98892771775089,91.67331610441305,Loamy,East,Maize
26.754111651811066,50.65955515848522,87.15618076664114,Sandy,West,Soybean
28.087419215369934,65.35347927118893,110.29766697402792,Loamy,East,Soybean
18.8036171422837,65.57438022805964,82.96140367777022,Loamy,East,Rice
18.218247771490205,63.298263801940216,80.08270729152997,Clayey,South,Wheat
21.593707031668664,71.35850118218598,71.52971751998628,Sandy,West,Barley
26.757530150869364,61.36935144392,73.47267785106794,Loamy,East,Wheat
22.29907556948253,49.96554654284806,73.5887804002734,Loamy,North,Maize
29.740507423258553,53.80613947288833,133.4078303055819,Loamy,West,Wheat
26.117097625122828,68.7991966707691,121.84625340735435,Loamy,North,Barley
36.68605566572991,56.02038157811026,85.64716236219917,Clayey,North,Rice
28.223871046871544,67.32763953641854,81.7479777144839,Sandy,East,Wheat
24.54598917334371,69.19275464694316,84.61820437273639,Loamy,North,Maize
15.58551992934228,67.73025797702151,107.78321886667489,Sandy,East,Barley
34.08119536616242,74.36871696919935,134.78025090225455,Loamy,West,Barley
24.809580317804137,68.41592181385691,123.78593407889241,Loamy,North,Barley
20.84606783277156,73.44957671559483,101.49081546250925,Sandy,West,Rice
32.33992988180516,70.49678971026479,157.98520732810204,Loamy,East,Wheat
30.85987976134155,68.60935078888187,93.19397191833717,Sandy,North,Rice
23.291531120640283,67.84810432589872,72.92062403021674,Sandy,North,Wheat
32.309263285270255,61.09880098149477,88.72535716566914,Clayey,West,Soybean
25.776587736776943,68.56686201224946,102.33123869124935,Loamy,East,Wheat
28.402785346350182,75.46536214447053,102.24229709941281,Loamy,West,Wheat
26.964760523247524,54.49999560987758,106.40911087902404,Loamy,East,Rice
25.841611921386328,61.182653825484955,103.83949588122928,Clayey,West,Maize
28.345966623997217,53.56552765041811,69.36543360360587,Loamy,South,Maize
25.22709502946402,70.73633634182337,98.69065018219167,Sandy,South,Rice
29.377082316625128,51.38807610077101,125.22795385329836,Sandy,North,Soybean
24.281576919864456,59.135500347522616,79.4979478117661,Sandy,East,Soybean
23.74669017644733,61.13911435026786,75.15021798000413,Sandy,East,Soybean
33.07091907746757,47.733377655760414,124.80056446526089,Sandy,East,Barley
24.292887581543596,62.629464669895725,74.26948988064942,Loamy,West,Maize
16.736629261204463,64.50771066862517,119.66156128160709,Sandy,South,Rice
25.241110348703028,53.89577351964132,65.5907821422482,Clayey,North,Rice
18.020456171975113,58.51924989536519,96.6273947500063,Loamy,West,Maize
24.25545081538582,64.6755898230779,123.729015040435,Sandy,South,Rice
22.589401589270075,71.97386639389222,114.10579499627893,Loamy,East,Barley
32.9654903750149,37.6114307185002,83.93543371934396,Loamy,East,Maize
23.02050543549084,71.81898896312221,104.37637805884151,Loamy,North,Wheat
30.867287751636812,67.83641203142501,92.76832947311969,Sandy,South,Wheat
23.398921389640293,61.10741297380261,117.61696631608629,Sandy,East,Maize
33.103395245467624,59.75014152122037,82.50520067251993,Loamy,West,Rice
23.105451492927106,57.11724465811236,85.01013814213823,Loamy,North,Maize
24.411827275910188,40.52591419112976,101.75770562837084,Clayey,East,Barley
20.552435451088524,52.17723135299889,93.83853986744704,Loamy,East,Rice
31.143391509755887,63.57350231800598,100.80404005455183,Clayey,South,Barley
24.32920292057521,69.39688485555446,69.24292139352994,Sandy,East,Barley
30.905033743119674,59.195543633764295,114.70408611132054,Clayey,South,Soybean
25.626881571636552,39.62619998466551,72.03215886496938,Clayey,East,Wheat
26.53069005966056,50.66063110865233,73.32899467513825,Sandy,North,Maize
25.888858168596606,80.42142336036025,128.4051591748404,Sandy,North,Wheat
19.027468652113498,57.57505524168153,83.41059894769391,Sandy,East,Maize
25.06666065476647,60.52493744497662,108.75372911360168,Clayey,West,Soybean
33.356565146114605,66.19758823060828,96.43944265052036,Clayey,West,Maize
17.579288284416315,57.2166763560422,137.38648757719147,Sandy,South,Barley
38.34209913967823,64.54640050208815,95.42505793006308,Loamy,East,Maize
25.64593853845086,51.301601342816774,104.64413677326597,Loamy,North,Wheat
27.758471301420677,55.42044979937883,70.22927939105867,Loamy,East,Rice
30.552707252248354,57.716652430710056,113.13978085103534,Clayey,West,Maize
22.74833876878479,57.92067520397718,63.52785041004302,Clayey,North,Barley
25.763555472497764,61.08484769657046,104.89578360467804,Clayey,South,Wheat
22.097185580964446,48.02995486561332,98.69536886889865,Loamy,East,Wheat
36.169416651473576,74.28904584079577,97.39764578340417,Clayey,East,Rice
32.749537919299,60.02516173871305,87.39315410302252,Loamy,South,Rice
19.418781832245504,45.15857933869418,129.8107865517722,Sandy,East,Soybean
27.321725064609346,57.71646515189909,82.19705465978414,Clayey,South,Barley
17.99559468773069,56.27110261954516,91.2515557119505,Loamy,West,Wheat
26.139490096696974,63.28316843013444,109.51950278238293,Clayey,North,Maize
15.164772238241088,74.68058068765286,124.498269908985,Loamy,West,Barley
30.877368609371615,44.467312725445346,108.58540007990248,Loamy,South,Wheat
24.725732809860226,61.64063015419885,60.24805967041099,Loamy,South,Barley
16.44303945180851,44.48131045919092,91.4697721686768,Loamy,East,Wheat
30.781190206862412,69.60052835122853,115.41449361959882,Loamy,South,Wheat
18.9620966377176,48.99041051629838,130.31986999222707,Sandy,East,Soybean
21.17038450273072,56.21581608019219,120.26402998749522,Clayey,North,Wheat
29.806667911466924,65.67806864708696,98.04378227822748,Sandy,North,Soybean
33.19874181415306,31.74565326251453,78.9555223364421,Clayey,West,Soybean
24.48299049341858,53.46634065716148,101.75235203646861,Clayey,East,Rice
24.052040945445135,32.74048537952201,113.24444944026837,Clayey,South,Rice
24.2048300079146,49.74051980429116,119.67251996941994,Sandy,South,Barley
25.997149477419658,61.71039596476424,129.0111618870385,Sandy,West,Maize
27.81359953656866,69.85550298382404,103.65266597195013,Loamy,South,Rice
30.06381017123058,59.166811962510124,80.03327107557747,Clayey,North,Maize
24.62849860426569,27.585036280052684,104.64398527549183,Sandy,West,Maize
21.563327282963755,54.16513563367308,104.19081619450462,Loamy,East,Wheat
25.264791763530905,80.43272602336506,86.9214224416705,Clayey,North,Rice
23.421636434303558,49.96587905326042,75.98920822042193,Sandy,South,Rice
22.2974114060834,63.64095181006188,82.35357888454972,Sandy,East,Rice
22.46804208909394,60.095120840966715,98.9278359544294,Clayey,North,Barley
26.68108213213731,55.70836781066162,114.4912729058833,Sandy,West,Barley
24.034412485614695,50.122498059525824,89.93906199632616,Clayey,East,Barley
28.285107308475897,59.22767567904688,140.0747310415548,Clayey,North,Soybean
34.35744445249136,38.43153260007469,86.54822661606495,Sandy,South,Maize
22.627250213851866,48.676537076939496,127.52493686949228,Loamy,West,Wheat
21.56894744169544,61.96922204917924,106.38634817776276,Clayey,North,Wheat
28.957176136978692,65.1487554956352,65.02949708700817,Loamy,South,Barley
20.23322412133931,58.92064888339692,89.71227737538315,Clayey,West,Maize
27.481842751753764,55.794502273237214,117.80699181691973,Clayey,South,Barley
29.496656689318257,63.550050295561746,101.48391587134638,Loamy,South,Maize
24.74814508055249,66.62363372829077,92.5977874522505,Sandy,East,Barley
33.20253319813375,78.71779781400949,101.97996786853803,Sandy,East,Wheat
32.04403166175062,66.54255302843532,75.38992818117084,Sandy,South,Soybean
28.790042609512923,48.50077688408499,81.00158995899587,Clayey,South,Wheat
20.62992133097846,62.72397039388443,89.31824254061586,Sandy,West,Barley
24.335112650551867,69.8538582483538,108.36259350480046,Sandy,South,Barley
38.0445617034661,57.98453728906239,98.99434702512535,Loamy,South,Rice
26.297724964302795,56.76933997189562,78.9073840576099,Clayey,East,Rice
27.832889261576113,62.63884257484252,108.18602660952513,Clayey,West,Barley
31.87206005914044,66.31905908312885,124.87247217514877,Sandy,North,Rice
27.896914500370865,47.27770368218256,103.85544813657366,Loamy,East,Barley
19.513074577276374,64.32781864065858,94.1896488098992,Clayey,North,Maize
31.344084410641564,59.99761525969953,98.4853734456437,Clayey,North,Barley
26.59344518094542,55.21908957534421,103.84082372842371,Loamy,East,Wheat
34.38328463610256,52.72607486213941,126.06285316503951,Loamy,East,Wheat
25.296186725126883,56.186669240187264,117.31396482916436,Clayey,North,Wheat
25.210325008603217,70.95597694110033,98.73542635921673,Sandy,West,Barley
18.44932010342313,62.91288023158726,111.46498731688885,Sandy,East,Maize
27.188035566620187,59.82991388363617,105.15129043099208,Loamy,West,Soybean
26.393630255350512,62.44636051115779,95.34640455137092,Loamy,West,Maize
18.38709683512053,53.32899104128423,125.08667474853351,Sandy,North,Barley
27.82550777637649,66.6159029994974,122.0778787907551,Loamy,North,Soybean
17.529525411637522,34.26714746510496,75.10830695763798,Clayey,West,Maize
27.976294191338738,72.70258165278094,50.737053036537965,Loamy,South,Wheat
32.84525800869231,61.56176726030055,90.73603216438329,Clayey,North,Soybean
24.02925951509352,48.59201894248524,82.06936244853992,Sandy,North,Barley
22.25919245488229,48.66614547074566,93.02431508772665,Loamy,South,Wheat
21.96523408282463,63.41761544199437,120.96768571192018,Loamy,North,Wheat
25.296542946853535,51.99123840420491,131.5177210365946,Sandy,West,Soybean
23.543412627336764,75.20299242020025,110.08335389694301,Loamy,South,Rice
21.862653934792473,36.45344329001905,118.95928899534279,Sandy,North,Barley
20.947051621324167,45.23694687040867,84.29400060243867,Loamy,North,Barley
36.10366813326054,51.26907467254901,106.58388677247855,Clayey,West,Rice
23.02887872998737,56.67288613297757,74.90160055303546,Sandy,North,Rice
27.281311484739618,59.89616645798912,96.89619618475494,Clayey,West,Soybean
27.646851685305,61.85654794650475,103.68517216258013,Clayey,East,Wheat
22.027099343742005,47.93686270910034,105.15278552418734,Sandy,East,Maize
24.937462232178,63.04720313872467,115.38087683591898,Loamy,South,Wheat
24.18273709806987,65.2908596131758,66.83485662695102,Loamy,East,Barley
20.57037992777892,53.346870577475286,60.95227815836677,Loamy,West,Barley
27.964355545866077,50.318828995282146,93.06720546606171,Loamy,West,Soybean
20.567538986845758,62.44797824622705,119.70283009721797,Clayey,East,Barley
21.42684970943931,67.1570970248855,81.33168482155183,Loamy,East,Rice
21.80894294875932,51.75156226982352,88.59131624814293,Loamy,East,Rice
23.74566796072923,60.14865925774445,131.98824824681338,Loamy,East,Rice
36.15908576619739,54.2535274944063,99.61016659791905,Clayey,East,Barley
17.024568959838234,58.05994861247668,83.31535462353035,Sandy,South,Soybean
25.576734362338907,59.092164392693896,105.22864473408953,Clayey,West,Rice
27.293267117083513,70.0456375882573,115.20624707298322,Clayey,West,Barley
24.922294444376494,77.8134905924846,91.03941848619553,Loamy,South,Maize
13.892540404863682,64.19937168757107,112.42680078425661,Sandy,South,Soybean
23.74618197221988,36.954897007773354,92.35904762096283,Clayey,East,Soybean
26.01540016815106,51.191181771353236,115.24162578103679,Loamy,North,Soybean
23.797498896696972,69.04614978071672,117.67594709421786,Loamy,South,Wheat
28.78510571409805,48.29544327831901,64.5269633025203,Sandy,East,Rice
25.999340710615858,47.585298196486704,112.84120715066666,Loamy,South,Maize
25.52661606152102,63.29001586521846,83.52361234440612,Sandy,West,Rice
21.295396017326865,71.06527291149057,107.46812066300285,Loamy,West,Maize
28.540833679878723,63.97532292392469,83.93706492949048,Sandy,South,Soybean
19.269828186633788,40.03883986429999,61.52345165030656,Loamy,East,Soybean
24.309171442435158,57.00297749800253,134.21956598460238,Clayey,North,Wheat
21.067645695138726,44.83136483562469,47.5744525140907,Loamy,North,Maize
26.324891219327952,76.24758124166299,74.46379018426458,Loamy,North,Barley
25.66397023886913,67.2588647090914,110.38670356765904,Sandy,South,Barley
16.64791055724053,51.31728241044794,115.28215333105453,Loamy,South,Wheat
25.498421200012245,59.09345272315121,92.70999642145539,Sandy,West,Barley
30.258280862229675,61.002264269198214,55.401063017329676,Loamy,East,Rice
21.143912523324587,65.10240578766499,90.95404836922272,Loamy,North,Rice
28.614291740213933,72.13916027575843,99.52312901618077,Sandy,East,Wheat
18.93536450919053,71.02704768101671,74.35485093867085,Loamy,South,Wheat
26.69692916578657,53.548790127418755,136.6737168851595,Clayey,North,Wheat
35.510376792315924,54.352051683065156,75.80584251236243,Sandy,North,Rice
24.822516750813552,55.61340874210248,89.81629154351961,Sandy,East,Wheat
26.475107345899072,49.96993892508617,101.59985008276347,Clayey,South,Rice
29.128137618234852,43.7748278050624,66.99011051709532,Sandy,West,Barley
23.53181376606467,67.50590464860909,103.02271723509705,Sandy,West,Soybean
19.639805775854402,65.42553559269274,95.9441426690757,Sandy,West,Rice
30.89099378575237,51.32925302559711,117.98715501077852,Clayey,North,Soybean
24.14105237816438,52.48575351256853,95.23374335296691,Sandy,West,Wheat
13.298149242826941,64.43451757076501,124.10507267227901,Sandy,East,Barley
21.64532033223494,50.31558946273928,140.31161430163777,Sandy,North,Barley
18.586967195889407,65.28687972723901,109.52357559323193,Clayey,South,Maize
25.902921385467792,41.313303685413075,59.176299262806886,Clayey,South,Wheat
32.60125733971622,79.29080882127128,123.87277182600565,Sandy,North,Rice
18.823194063100818,64.65294160399641,102.94235647903149,Sandy,South,Rice
28.580009476765937,66.1894516166349,97.14769941337492,Clayey,South,Rice
21.004509107425804,56.748745718701514,120.70928052341272,Sandy,East,Maize
25.11038807519481,46.30079547601845,101.49552118960851,Sandy,South,Barley
32.208944895883675,87.08783841025075,125.04677439519503,Sandy,North,Barley
37.01589632789753,33.76476365420749,106.74088280674833,Sandy,East,Soybean
26.04483811336796,58.55329083992068,86.27528499281836,Sandy,North,Wheat
26.554344342149147,53.46447049239924,95.07555906058123,Clayey,South,Rice
18.391535695677135,42.119358422777864,79.91505514694794,Sandy,East,Rice
20.070910641869666,74.2627433032051,94.7635208537076,Sandy,East,Wheat
25.201128203603947,43.11503962550313,132.0307560701692,Clayey,South,Soybean
27.00716730646872,52.60489785803725,113.96887029699998,Sandy,North,Maize
32.85319745046334,85.21995808751498,127.59682171624871,Clayey,North,Soybean
31.798142653275548,68.64193164984901,112.62706975816644,Loamy,East,Wheat
32.15439841292016,44.91228273364081,77.96293726307009,Clayey,South,Barley
23.61859645912456,53.661942847575716,95.6566581804245,Sandy,East,Rice
28.85294458614539,62.25097433091568,120.19538276999566,Clayey,East,Soybean
22.135275211365762,67.56858263768382,104.05740494851858,Clayey,North,Maize
23.66863017390096,64.7091494639797,81.25169942981339,Sandy,West,Barley
34.4243265050857,78.32212296394076,97.44942112762347,Sandy,West,Barley
24.727609950248876,65.35076805390483,128.50384369697966,Loamy,East,Wheat
18.21342966504711,47.95142016370747,79.5785345380171,Sandy,East,Barley
19.833348948820255,44.864017437363856,81.9364325068246,Loamy,West,Rice
33.14298617063811,64.59593913991164,115.60561716031947,Sandy,South,Soybean
32.76227367251307,51.70874377337116,79.20245546801921,Clayey,South,Soybean
27.822963735641657,54.74137285656657,128.4315041002257,Clayey,South,Wheat
32.17997759430013,50.288148024557884,70.32883088216167,Clayey,West,Soybean
27.07807263069108,46.10942119790291,120.3174082178489,Loamy,South,Maize
23.501513004844245,78.9645225556584,29.44506629174471,Sandy,North,Maize
22.66900998423768,51.15031429355845,104.63648469104464,Sandy,West,Maize
28.64533164938087,58.93200297601434,122.65572829567245,Clayey,South,Barley
25.84555256337469,57.74520855874584,92.99673965946302,Clayey,South,Rice
34.79807652323208,59.8760310911385,128.50952340634365,Sandy,East,Soybean
36.90469294472899,54.04871102271194,100.964093963934,Clayey,East,Soybean
11.60854622987793,58.71890506616586,83.89013803901554,Clayey,North,Soybean
27.430028364476023,34.84804693087832,111.40220812467847,Sandy,South,Barley
21.118279870824733,67.84113130162562,109.33058930582193,Loamy,East,Rice
30.04722626536997,58.788971545052256,115.23093801132437,Clayey,South,Maize
26.959965110372796,56.30121137841603,108.06877543566264,Clayey,West,Maize
22.730713326547107,53.64387981849071,120.88617448576613,Loamy,North,Wheat
32.59100935128885,63.83649310052298,137.0516770234789,Loamy,West,Soybean
38.5762981408797,63.89400779724981,112.54016084910461,Loamy,West,Maize
24.876510014169313,57.14518332042045,116.43982990477372,Loamy,North,Barley
31.98011488990268,65.49298558834602,78.71935899083681,Clayey,South,Maize
18.801038067393804,86.23723318627663,105.71489299533458,Loamy,East,Rice
27.595377515537443,60.22651011199077,100.50399441779658,Sandy,East,Rice
29.137889936044257,62.18478803936791,100.93923107321973,Clayey,North,Soybean
21.346845064384503,55.25249978965145,83.41328626672151,Sandy,West,Soybean
28.424042388131546,74.85425582440195,130.52011340169295,Sandy,North,Soybean
32.2233058056859,52.7034913372016,94.80526430932207,Loamy,North,Wheat
25.981992848560232,49.96036898999791,131.19892585092498,Clayey,West,Barley
28.491330504022084,67.77211594936585,108.66779067529596,Sandy,North,Soybean
22.904877572627296,63.656069665537416,99.69695735401602,Loamy,North,Maize
28.479959632200433,69.3964479544321,104.44177550771039,Sandy,West,Rice
19.592120640459836,53.08989511588396,83.90686771316723,Loamy,East,Barley
35.34999365215759,68.95171147504107,119.10598196620346,Sandy,East,Barley
28.055183671582455,66.85436825252324,73.94577312903922,Loamy,East,Wheat
21.197510232563527,52.10241735234788,120.97023117254476,Clayey,South,Soybean
31.68221732816277,61.787943428083885,101.92643325195343,Clayey,North,Wheat
25.674303090008646,66.63060848287968,110.51546099616688,Loamy,East,Wheat
26.994787332000165,54.840942082919256,103.94070716363336,Sandy,South,Barley
26.077114681663105,61.30724355013286,85.09922169393617,Loamy,West,Soybean
25.146396547708648,46.61552442503958,95.82188677658405,Clayey,West,Wheat
32.58510546831321,59.87319997022471,102.38554422484333,Loamy,East,Wheat
23.724887633454173,60.26754889218425,101.55816275678102,Loamy,North,Wheat
22.240323425635303,77.16373219807937,63.614978426639524,Clayey,South,Soybean
20.17252346777699,59.33631255951967,130.37055997427953,Sandy,West,Soybean
25.87794972413111,69.6494894595017,113.42257232942947,Loamy,East,Barley
15.726987695139673,72.91930720025684,110.26681141305443,Clayey,South,Barley
21.481263091602955,66.51380033239326,60.174709562402164,Sandy,South,Maize
25.47487155514107,59.34288395754973,79.45486851610835,Loamy,North,Wheat
16.315800016622568,70.28453734181102,94.83436465780109,Sandy,West,Rice
23.247473536152647,66.13635321503864,79.67694636143355,Sandy,South,Soybean
22.862575615559003,64.61345215039974,107.59772148551846,Sandy,East,Barley
33.055122670651826,52.488414819828144,119.12247874683658,Loamy,West,Rice
27.704481015344573,78.78140818255763,118.36424345526203,Clayey,East,Wheat
23.343894794010023,52.368204390182804,129.23977299207243,Sandy,West,Soybean
24.62248178674647,57.12256943329148,96.49119309326935,Loamy,West,Barley
22.868735780950292,53.33470798272448,49.06605422534522,Sandy,North,Barley
32.020610395403835,67.80129179656485,115.54883958031866,Sandy,North,Wheat
22.440368623213054,65.1148748875139,102.5820058687879,Clayey,North,Barley
25.841074106541882,54.60766725839668,117.2346006943369,Clayey,North,Maize
23.34981562980417,66.01150404573498,124.56485288107507,Loamy,North,Wheat
33.30151034664028,66.59348965613452,118.42462649042183,Clayey,South,Wheat
19.653887177959806,47.03285664416472,142.6934398209437,Sandy,West,Barley
18.232207643088003,68.48000069906702,55.39490521422345,Sandy,East,Wheat
15.630226320094437,64.6727525382505,111.38654660383826,Loamy,West,Maize
21.219259618390844,48.920261275555006,89.63939953778714,Loamy,West,Soybean
21.613898992980204,45.06571191005784,131.3129741185283,Clayey,North,Rice
21.124576947548455,53.42452770423999,142.86280051381482,Clayey,East,Soybean
18.05091589135025,47.813546986830204,115.91118172226024,Loamy,East,Maize
28.036324195441605,44.6601451088227,73.78082071244131,Sandy,North,Maize
19.857370282656973,51.59191818809464,83.30898269006394,Loamy,West,Wheat
21.59484166016632,69.63341437850563,76.97044833353928,Clayey,North,Barley
26.761656880178325,74.86598721238386,106.6821269611702,Clayey,East,Wheat
28.28882339932496,46.94848985471488,103.32539702960449,Sandy,West,Soybean
16.53607499800665,43.501271986249236,89.39561668540858,Loamy,North,Wheat
25.438137683630647,58.735951355387996,81.51038014128423,Loamy,North,Barley
27.28602969101357,63.545914123331116,87.65131288446376,Sandy,East,Barley
24.68978090862179,56.48802563163629,59.76313536343306,Loamy,East,Maize
19.9516669694507,51.11485303480201,96.4629280268961,Loamy,East,Rice
20.853094847264465,58.95514914938954,133.33391680376312,Sandy,North,Soybean
24.250849742298442,68.38662327936743,121.10411001160628,Loamy,South,Soybean
20.143559227139534,69.2699260159085,127.95111424559269,Sandy,West,Wheat
19.371420786891974,52.51873728269289,67.9937447927758,Clayey,South,Barley
29.44984341435685,45.03117895552422,106.47824865173168,Sandy,South,Rice
24.30331866147797,68.20927551525224,85.40338243450688,Loamy,South,Soybean
33.18258707344829,81.11367406205201,127.6869059287385,Clayey,East,Rice
33.455444946644064,63.309693251359896,90.9187685762315,Clayey,South,Maize
30.196624153287832,55.94662583323165,58.98607601062305,Loamy,North,Rice
20.96543594534396,53.93645441379097,98.96368650919598,Clayey,North,Soybean
16.04920199332177,56.03523042257405,97.82045971729292,Loamy,South,Rice
26.711112336725545,53.603765569988475,98.56624242502737,Loamy,West,Wheat
27.16704707849311,55.416252994626895,107.23197182868283,Sandy,East,Rice
17.7881357457403,54.01235852640687,100.23445625255906,Sandy,East,Soybean
28.7882003018587,30.24504921170398,69.12975700993326,Sandy,West,Wheat
28.910419485009733,57.38145477880136,75.31663027954274,Sandy,South,Maize
19.470882494516886,47.40038591969984,86.7391642321636,Loamy,East,Rice
28.973290929526755,59.57611421456896,88.17288496445298,Sandy,South,Soybean
17.869484441793553,77.0425177955467,88.69778223871138,Sandy,South,Barley
23.175583554599893,73.34576834879994,98.25753927091384,Clayey,East,Wheat
17.46969545920541,78.22285822991897,133.6020556722277,Clayey,West,Maize
29.32353974673086,62.81307348676829,94.82974142677043,Clayey,East,Barley
31.17493018641843,51.277954462872586,62.08955323451442,Loamy,South,Soybean
20.21434837590397,56.72077461819003,117.24862503894417,Clayey,East,Rice
28.355184224729967,51.007366261979406,84.61607625332131,Sandy,East,Rice
26.148974851791493,69.7710065216344,53.69976244712386,Loamy,South,Barley
29.972035421009743,52.38556141298385,115.91471049988091,Loamy,West,Wheat
36.696797037407045,74.03683666529966,89.97427315379355,Clayey,East,Barley
14.157570241303745,58.519443323173256,106.69606165266907,Loamy,East,Maize
28.30796277993991,65.21176623820261,65.77109228394468,Sandy,North,Wheat
16.224741676805735,79.8605836098522,140.89014057162714,Sandy,North,Wheat
30.72934082967655,56.99707565468164,60.155111870043115,Sandy,West,Wheat
22.20683306326791,49.205057036188755,126.38089904525764,Sandy,East,Barley
20.750408793623595,65.89067480331694,84.17909541107798,Sandy,West,Soybean
30.267237490044327,39.759186725319964,103.12409053789797,Clayey,South,Barley
28.132371458644165,64.43957352006741,104.81236241343811,Sandy,East,Soybean
30.048916686475916,57.17556812870295,103.51811683252048,Clayey,North,Maize
15.096095124864904,57.61532752735129,70.22687478062537,Loamy,South,Rice
27.491752145346048,53.02414022765136,116.60409563514312,Sandy,South,Soybean
29.54229144169309,58.733255994586365,107.90898565177525,Clayey,West,Soybean
29.15068191880462,69.88938179635595,119.12516356469573,Loamy,South,Barley
27.237789052059576,55.92863960869981,113.3884781229389,Sandy,North,Wheat
19.468704112044666,58.17222052540244,85.46329126737555,Sandy,East,Wheat
32.25271596530237,57.646676110878076,103.61976984780128,Sandy,North,Barley
31.736168879732737,59.543016820910296,87.87578969626232,Clayey,South,Rice
22.603396081738783,52.99018326437914,103.56430287528671,Sandy,West,Barley
25.872483989213617,62.66313561896864,87.92657538372072,Loamy,North,Barley
27.442839894898537,63.01592001675908,83.96767192013677,Clayey,North,Soybean
32.440731533517976,57.1315673058736,81.91020449636878,Clayey,South,Barley
25.346202392213875,58.74404487688419,44.58833417513938,Loamy,East,Barley
16.30685324675408,60.497936181177444,105.36000923821427,Loamy,West,Rice
18.90518176274346,44.61333511246605,102.91829970035062,Loamy,South,Rice
24.316589863241614,41.87045038888229,104.31515759883783,Clayey,West,Barley
27.718681254142062,51.16471514084594,90.05277376276112,Sandy,East,Soybean
23.562447645568135,47.80503187026564,81.77148063153304,Sandy,West,Barley
28.022727378778775,82.640423843419,100.77281637769268,Sandy,South,Barley
26.144211971172076,42.73144944133723,95.97365556059889,Loamy,North,Maize
21.498590224151474,64.45169063634923,90.18486234489554,Loamy,West,Barley
34.56261695976275,55.56198642701321,92.88565551724564,Clayey,South,Wheat
23.104637238140008,47.68393612844886,69.82658481137534,Sandy,East,Soybean
26.1309680651411,54.89215646437042,118.92872522488389,Clayey,South,Wheat
20.78220123833893,58.088875298006386,68.98062378342647,Loamy,South,Soybean
29.21472098881454,70.48147137460994,86.60810759098325,Clayey,South,Barley
28.20579169015412,61.6662097611849,96.02106055560083,Sandy,East,Maize
23.713830331038963,63.10789392821367,96.70538186656813,Clayey,East,Wheat
20.64741124431589,46.25141633069891,98.54328583550753,Sandy,North,Barley
17.529704634182025,70.34609314038877,108.06796912906222,Loamy,West,Maize
19.49081064427814,54.342002166788895,86.25144397636784,Loamy,North,Wheat
15.827992621888871,74.2523036959865,78.40775318743536,Sandy,South,Maize
26.390018656868556,64.11754050027629,92.69288571050572,Clayey,West,Wheat
23.25112022416954,64.51230565165758,90.27601288624378,Loamy,South,Rice
25.579196089043897,51.901239667390705,90.99036435445299,Loamy,South,Maize
28.922067269914912,54.4062491391095,83.40706631688727,Loamy,West,Rice
19.31623097561703,78.37813462958825,96.0114496218602,Sandy,West,Barley
22.913720369595943,57.30109992401361,113.59996734662668,Clayey,South,Barley
26.743320130520623,59.551030683286,82.82682026239019,Loamy,West,Rice
23.878894613144187,72.54891757357277,100.03814143306163,Loamy,North,Rice
21.768699738870282,48.91534017087991,97.81045934351614,Sandy,South,Maize
24.506999802355956,50.41270503553503,119.80752676035296,Sandy,West,Barley
23.31561905157548,69.17230736778225,70.44941935364837,Sandy,North,Maize
26.90135886311617,53.514346740714714,88.52271373776796,Loamy,West,Rice
29.397185072329627,69.66387051772462,105.56311805114287,Loamy,West,Maize
39.084331201296834,61.60524240772999,109.68995755152423,Sandy,North,Maize
15.861853667350465,74.49190414578943,101.69922334866048,Sandy,North,Rice
28.430456124294167,52.41806577894396,98.11064129732756,Sandy,West,Wheat
15.928015105259963,81.57732094320394,96.86311336195936,Sandy,West,Maize
11.649759658202559,58.33419024444787,92.72539517751929,Clayey,West,Maize
29.519481604073327,73.97141362808773,73.89298467998745,Clayey,North,Barley
28.242536720346465,70.66324289478794,106.30611963072549,Loamy,South,Barley
25.155460796309534,54.37510484560828,107.43866085424669,Clayey,West,Maize
28.95295943823252,75.19870648226116,120.42571179288912,Loamy,North,Soybean
23.38404485054179,42.90892607991654,99.92044109160238,Clayey,West,Maize
24.54857513568178,58.77533413771636,90.07677345902694,Clayey,East,Rice
26.84375262611243,62.78442549284219,118.19430532906381,Loamy,East,Rice
19.657620987207494,79.56037909904026,88.3041153455333,Loamy,South,Barley
25.553326269956244,63.5185090730139,101.71901521541618,Sandy,West,Maize
25.01161490030217,50.91134248801734,122.80529316857894,Loamy,South,Rice
25.442733112093258,65.4916544619936,89.77822982452804,Clayey,North,Rice
31.830719735085896,66.75320351263136,114.19189142341263,Clayey,East,Maize
17.030103908121166,44.96568807123076,119.81210281623196,Clayey,East,Rice
33.31320491646413,67.02129730363396,95.24372502454725,Loamy,South,Wheat
22.031412074611346,53.94762482349002,109.24911813279081,Sandy,East,Soybean
31.720117936377612,60.10354404924546,80.18720156206555,Loamy,North,Barley
16.90864901988609,50.90229234693542,88.52485055579612,Loamy,East,Barley
25.43158460922811,65.90307683525242,104.1498148195115,Sandy,West,Wheat
24.24617124631488,49.21136652158563,98.85030422286911,Clayey,North,Maize
28.915125942925975,72.20487461596389,119.7001787571559,Clayey,South,Barley
27.021263619216406,72.72842512006207,130.28542288974478,Loamy,North,Wheat
33.262414569101324,82.00404054392612,84.15678223365677,Sandy,North,Barley
26.064276154594772,74.77099310433019,76.32909836167408,Clayey,East,Soybean
21.429726510556613,52.71226149488146,111.16523622574805,Clayey,East,Barley
24.38457708296235,73.26951654099315,97.50745547501191,Clayey,South,Wheat
24.18849317521499,53.7376522208984,84.00502786081643,Clayey,North,Rice
25.96609862390452,51.63895462772782,92.64675637182366,Loamy,East,Barley
21.318838177588695,67.53808069557007,133.0186317168673,Loamy,West,Soybean
18.15997738539556,75.79175356431706,118.64040222046489,Sandy,South,Maize
27.48063985572937,49.534784134144665,118.05696987399605,Loamy,South,Maize
26.324771945914136,55.17572689250288,92.73260172405094,Clayey,West,Wheat
27.582794831679994,61.99818085099079,123.70122585853125,Loamy,East,Wheat
28.98077222875272,59.374147056325576,169.2646086507545,Sandy,North,Soybean
32.19995693370098,50.56621663904622,83.15316475500526,Loamy,East,Wheat
20.794405828571502,57.443132349407385,78.93788718569823,Sandy,South,Maize
18.251264227616076,69.97629049445092,114.37140979396784,Loamy,East,Soybean
24.59062690167822,63.84698081987634,118.33802470120027,Loamy,North,Rice
31.225910614962277,41.48117736402823,135.12490865385294,Sandy,South,Maize
28.979366892412436,52.28287382739958,60.981653529673665,Clayey,South,Barley
26.730224317421968,57.86785312842386,91.65380233856015,Sandy,West,Rice
28.124928690478708,62.30534743228514,124.82741746801875,Loamy,East,Rice
21.283507094014023,58.229545829010576,119.1442764937875,Sandy,North,Barley
27.825561005465342,59.56048464956722,78.80421650088465,Loamy,South,Soybean
23.520623484625055,59.44017699901725,103.26358161775458,Loamy,North,Maize
25.376662615057175,53.062809455458066,93.48194328357164,Clayey,East,Wheat
27.476237502832937,59.85935286663891,134.04108604585272,Sandy,West,Rice
31.701315954458423,70.6900505584881,94.06989012232559,Sandy,West,Barley
31.8232036349008,78.58547590265846,77.0497597815194,Loamy,South,Rice
33.47346629914463,60.51142657805402,104.11633719397707,Loamy,East,Soybean
22.973497124596157,62.436553626838204,91.09044672808592,Loamy,South,Barley
21.18488753892784,39.180294006086676,68.27114051264736,Sandy,West,Wheat
23.930167170931007,70.47830107249995,94.09421597512366,Clayey,South,Barley
35.39247504887249,63.004595534524704,80.00610404285852,Loamy,South,Soybean
25.83604708483417,79.50313059017842,92.43035289571594,Sandy,North,Barley
20.653412067705432,74.60344483146116,95.53928220442376,Loamy,East,Soybean
29.396436472537125,54.73479089329736,105.27372052998504,Loamy,South,Rice
24.72946238857848,61.18023852289392,81.28886544289912,Sandy,South,Barley
36.75924634165098,81.43544651086334,111.2542165235501,Loamy,East,Maize
23.067201798988386,66.47894305382826,111.17452436637284,Sandy,West,Maize
27.769941837189435,67.88485531632118,89.2420554937248,Clayey,West,Rice
14.529386737440358,62.164428235735656,112.07542117034976,Clayey,North,Maize
31.33719989550027,66.16530433046935,102.25300707660472,Clayey,South,Maize
26.607928918389312,77.51680353808172,121.28681379423439,Clayey,South,Maize
24.68226125034299,67.71509002418324,96.0998470085861,Loamy,West,Barley
24.93062137321921,46.45673036353692,102.34170485351974,Sandy,East,Maize
26.557436228409347,66.9828773473972,100.54320771661914,Sandy,South,Maize
7.854277072939997,45.8484908588662,88.18066391584888,Sandy,South,Wheat
31.51242056601256,47.411195226465594,93.20996905426166,Clayey,North,Rice
25.308414225885507,62.45929206613326,128.5192792213954,Loamy,East,Soybean
26.34500685493902,42.586933162766655,107.00139264145584,Sandy,South,Soybean
29.00735622874687,71.4181023621235,55.26817062864943,Sandy,West,Wheat
19.975394957165022,61.419611143515795,126.18278020403127,Clayey,West,Rice
26.71371887042926,68.66183552636448,107.92638912913593,Loamy,South,Wheat
31.37684170814253,68.27097559439389,106.72581553987459,Clayey,West,Wheat
24.530241635303607,52.06889474297897,105.42916794849864,Clayey,North,Maize
23.50241271548083,59.97757069199064,76.67220903820319,Sandy,West,Rice
19.172407404580916,61.03103675376548,96.38812375766021,Loamy,West,Barley
28.615051629241094,54.66220666922208,99.48150823117531,Sandy,North,Rice
24.461272775625964,76.71774629333146,86.018948798972,Loamy,North,Wheat
30.017423989719124,76.7992715942651,76.45131891355791,Loamy,North,Rice
25.99339557376499,50.716103742675145,86.00003997318646,Loamy,South,Barley
27.838398931028973,64.96355208966949,88.2660824502824,Loamy,North,Soybean
25.049546561760337,47.55337666793418,119.10168835974679,Loamy,North,Barley
22.390662461264547,61.26889962542486,96.68811022541675,Clayey,North,Maize
21.8933257613098,45.206353486671865,61.50563635320796,Clayey,North,Soybean
21.448871626661315,84.29343519115356,81.8488144607353,Clayey,East,Rice
25.35256984672033,58.61159358279103,117.02256291672325,Sandy,South,Soybean
24.96084829665748,58.75377950481065,87.77979812281629,Sandy,West,Soybean
19.676730322662838,69.93405255025704,114.46491036660017,Sandy,East,Wheat
22.429420066888763,72.66262422913204,102.50183952976491,Sandy,East,Barley
29.57000186480508,61.15075243328481,111.00614500857296,Loamy,North,Wheat
30.270165438716674,63.91870249230938,103.72144739769496,Clayey,North,Soybean
24.2139886401753,57.54088413233275,94.29395981269866,Sandy,East,Wheat
23.863932582374968,66.93456448768563,71.63636118784858,Clayey,North,Maize
19.165895527912177,58.91500345101812,127.81058397271326,Loamy,East,Barley
21.800875560832612,73.9259957274184,70.62066541061793,Clayey,South,Rice
27.333545240677203,63.48642607060813,128.8185413497669,Sandy,South,Wheat
21.921447878820185,44.15018367660218,49.1635846648207,Loamy,South,Wheat
22.030374836350685,78.39593540245298,60.87231794697345,Clayey,North,Wheat
31.378391966442827,35.08188117059913,75.47522201274136,Clayey,East,Barley
25.96418958921128,49.387695664547735,103.0998178698153,Sandy,East,Rice
27.471224929220405,55.321443145274486,83.43370492962111,Sandy,West,Wheat
32.30333936852811,53.24169299823224,95.02413160228015,Sandy,South,Rice
25.262785949324492,53.08312520243077,88.6987459419808,Clayey,North,Soybean
25.71805726006793,81.9894104311741,129.6684873189008,Clayey,East,Maize
24.40104458873321,37.932306538469106,88.10908650355024,Loamy,North,Wheat
30.002784428250592,53.346681185196445,90.42201037973163,Sandy,West,Maize
21.11757468711398,48.07663570834413,67.90587565423768,Sandy,East,Soybean
23.42928374247846,65.66797523821553,78.74278733299204,Loamy,West,Barley
22.844029482557804,48.12027954646736,104.54564098820215,Loamy,North,Maize
29.730804046955015,66.50333182654904,101.68326309310999,Loamy,North,Wheat
19.713345462579973,58.545690904413966,92.2814720178698,Loamy,North,Soybean
22.64737511806489,59.03218056176075,94.48061710270379,Sandy,South,Soybean
13.532178611428414,49.56726340862727,124.94377554418205,Loamy,North,Soybean
21.092090839370098,52.278206346523376,51.431089262312256,Sandy,North,Maize
24.494192782554734,67.1407290743679,95.13040381405509,Clayey,West,Soybean
23.82962251199684,70.51388826245088,125.65107401302343,Loamy,South,Barley
28.988628377133267,59.2258356176682,81.75778388456291,Clayey,West,Maize
23.58580307935356,40.95507560368728,107.68849612512935,Loamy,South,Wheat
35.49562493254502,67.21943467803352,84.26890561020755,Sandy,North,Rice
22.085259188700903,41.475054035052594,108.03028571337806,Clayey,East,Soybean
21.047460537611293,76.01533951935093,93.1078646603177,Loamy,North,Barley
23.912587838062944,38.83947861256598,90.94679554028265,Sandy,South,Soybean
31.498280676274632,71.22665968166598,66.59150892828107,Clayey,East,Barley
28.71847280414115,54.32684783134191,148.27986981050014,Clayey,East,Maize
18.747365788247997,66.20495891122516,97.5935050400046,Sandy,East,Barley
28.364105991715622,52.56152900316763,114.14994582667052,Clayey,North,Soybean
28.883469932628437,58.050167767942,93.09593184897471,Loamy,South,Maize
23.83043806310485,65.68629336229715,125.96967204576454,Clayey,South,Maize
17.9643594834825,69.41162486377712,100.94129494781559,Clayey,North,Barley
32.811257389850056,60.692562450520576,69.2441233278997,Sandy,West,Wheat
27.263936076869488,55.60136408859576,123.65660310949576,Clayey,North,Soybean
27.019915648212823,44.02669802491623,111.61020501198324,Clayey,West,Maize
25.310247082005553,51.209753307507825,88.27512437133277,Loamy,South,Barley
29.66393854760185,63.28753964171909,81.9573533977303,Clayey,North,Maize
17.36806804648576,76.72283246928097,93.01401222941517,Sandy,East,Maize
31.016729063956227,67.63041617639394,80.85028415049544,Sandy,South,Barley
20.296159871681063,44.935392397910796,117.00604438376435,Sandy,South,Soybean
34.392337933626365,59.45191501624182,128.4467852636451,Loamy,North,Rice
27.257566758705973,68.28793795276209,112.94433450277279,Sandy,West,Barley
32.092782950568775,42.69279814023838,131.6818882550108,Loamy,North,Wheat
23.08792744771027,56.79406739923633,108.74082122308455,Clayey,East,Soybean
19.10383383645163,59.77807177266897,105.97526404847197,Clayey,North,Soybean
22.57416816505569,56.08306383823832,105.85914955617856,Loamy,South,Soybean
30.99864641899718,69.18150746552256,79.59916238254878,Loamy,South,Rice
28.564143025363347,65.68175613930315,116.93692779326187,Sandy,West,Soybean
31.78831058478943,67.27270421484988,59.31128227053477,Clayey,South,Wheat
22.44478775042301,57.68683937870011,77.23502779259206,Sandy,West,Maize
15.228947515651898,68.75121201833784,122.78073655944306,Loamy,West,Wheat
23.23444865787559,57.78427503062675,58.87236793120549,Sandy,South,Wheat
26.559413047128885,72.65429899468992,90.41078625000665,Loamy,South,Wheat
16.51990184107942,53.09629680769501,117.39527092128607,Clayey,West,Soybean
17.02895250970483,49.72796064329262,92.35649581992715,Loamy,East,Wheat
20.72653070956531,71.43243065708742,110.51927682274203,Sandy,South,Barley
22.752887852621804,65.4859634579871,88.492803065267,Clayey,North,Barley
20.723219354326893,64.67755765025929,112.64083709386426,Clayey,North,Wheat
29.282356624431642,45.73728457638513,70.7749956765752,Loamy,East,Rice
19.499122733990937,79.27301690283694,73.74427231533059,Sandy,West,Wheat
32.64217034776127,51.89937844516168,93.14788425189666,Loamy,South,Wheat
20.558895065438396,68.24429279651994,125.2888525957844,Clayey,North,Wheat
18.80036895591366,66.93627856061688,99.76772832597176,Clayey,East,Maize
30.767183840435862,53.31841387245808,114.31971541860167,Loamy,North,Rice
17.938486156718714,67.96511012087998,88.65784988304776,Sandy,West,Wheat
19.72769365590847,57.94701720902421,120.2358848349282,Clayey,West,Soybean
34.657256833494415,58.5972676935353,99.07853468001716,Clayey,East,Rice
22.42005132611392,53.63041038875562,92.98784979243763,Sandy,East,Barley
21.997350781019712,34.05773351654399,112.06478164547593,Loamy,North,Wheat
21.38945873728712,55.10046418873715,120.5920079574743,Loamy,North,Barley
24.729699456229497,55.18180174600918,97.63553982763955,Sandy,South,Soybean
31.78302911851442,44.009659246762205,103.24819098364472,Clayey,East,Maize
20.912798781174438,57.090578780000854,118.48946634358592,Clayey,South,Maize
22.631145630861706,67.43780211666069,81.77626025184736,Clayey,North,Barley
27.96077241481198,49.78975316231807,98.23726115821664,Sandy,South,Wheat
24.84855769056404,70.6019487760992,84.2550045048963,Clayey,East,Soybean
32.74992970580931,57.29208397562921,114.77627055971418,Sandy,South,Barley
27.791829054357393,47.170052678011345,91.32315003212966,Loamy,North,Soybean
24.526717706544442,61.91696767765004,100.04638817481052,Loamy,North,Wheat
29.39996408396711,69.40690174488633,62.79643893947001,Clayey,West,Rice
25.4846468872811,55.78168376080374,97.71124774020534,Sandy,North,Wheat
10.861993331654592,64.37226709594765,99.33673080849906,Loamy,South,Barley
31.25408679980664,68.81560025002088,66.97435641306348,Clayey,North,Maize
25.89145292470533,59.687962004308964,158.91227941662322,Clayey,West,Barley
25.580065707123897,66.78793074816556,86.34173869425321,Loamy,East,Barley
35.44213137445813,75.85293436094797,107.97152017163134,Sandy,South,Maize
25.67769803415159,64.7449182627428,154.9965054894973,Loamy,North,Barley
28.0547208340595,56.43417533097308,135.36533949744455,Loamy,West,Soybean
21.16668675401828,65.42600893246905,94.93806108959646,Clayey,North,Maize
24.106953448649687,65.32557274507022,102.10493936822232,Sandy,South,Soybean
19.482037405557563,52.45290598069127,71.59919107284912,Clayey,North,Barley
20.238078782036204,49.6255336876019,84.94602144419613,Sandy,East,Maize
27.35770668331395,44.635213645737934,96.8080177815438,Loamy,West,Wheat
21.082159460430436,77.7476385584389,104.76320120244725,Clayey,West,Maize
31.34137316264905,73.93974585322682,87.92386251866601,Loamy,East,Rice
34.05818205599357,50.2430333976091,98.5107809610909,Clayey,South,Barley
28.30004537952342,62.97679460488984,119.11208355558134,Loamy,West,Maize
22.088878797790706,58.46549571391088,120.83238256805323,Loamy,South,Maize
26.451456788563316,63.10889698185247,108.60876628240231,Loamy,West,Wheat
20.888338528617687,61.65842302115113,107.30695226312749,Loamy,North,Rice
22.510605983056543,65.31523374600276,85.85184833871324,Clayey,South,Maize
15.419851119619162,78.42028157246395,103.15945763955062,Clayey,South,Maize
20.21937735816157,62.594921735435506,139.65942197039215,Sandy,West,Soybean
33.51480585705156,50.11695712286674,78.32549406231502,Clayey,West,Barley
27.017715180976676,56.83659529110936,134.0982610171789,Clayey,West,Wheat
17.80325242606223,56.21114453737015,122.99005896833015,Sandy,West,Soybean
29.7918716818562,45.80453145492499,100.16232015697854,Clayey,South,Barley
27.610169867309637,27.400350446792714,81.08058545462016,Clayey,East,Barley
27.080985686542505,53.800524296410515,81.96107266136558,Loamy,East,Rice
23.622998196256983,54.81351492068937,97.18439345397594,Loamy,East,Barley
32.827041463692154,59.366383221317115,119.26168736430073,Sandy,North,Soybean
32.128519362582864,55.02278950289429,101.99243540351854,Clayey,South,Barley
21.874485838225656,61.06157534099885,76.6603115598771,Loamy,South,Maize
22.92776638147776,85.23393226596357,141.65443807501995,Loamy,West,Rice
29.332779314375937,51.17537173764985,101.25684301462664,Clayey,North,Barley
31.761386732855303,72.13446525701663,84.38843341011611,Sandy,North,Soybean
24.264808629148714,60.881135625616615,118.44077227886652,Clayey,South,Maize
23.442442537060554,68.80950236122325,113.42701156595987,Clayey,South,Maize
25.84086934527897,58.64793360407282,111.34901482484557,Loamy,North,Maize
23.525247515839933,60.942308194577826,121.91720697148683,Loamy,South,Maize
21.327641187766893,64.81007022228665,92.56759762251262,Sandy,West,Barley
30.164816112950728,51.67527229516626,87.86801059910687,Loamy,West,Maize
20.799310155538404,67.96402493983324,87.23239407152133,Loamy,North,Maize
15.981219207019894,44.604917660828065,97.0606247997281,Sandy,West,Soybean
27.789756276322223,51.85587281604241,101.2994347181542,Clayey,West,Wheat
38.46129708287607,59.57138693099239,99.1718854740391,Sandy,North,Wheat
18.65030428503954,55.85356749924089,101.90982489690155,Loamy,North,Wheat
24.67412744437407,58.24471663968151,131.5033060686593,Clayey,South,Rice
25.7306246236701,69.69166503282938,79.78494154281631,Loamy,South,Soybean
16.601009417487234,56.48017291276671,68.39441167107486,Clayey,East,Wheat
28.253244845666565,58.45502216320371,97.2607145644215,Loamy,East,Barley
22.610408271477382,68.51212350683244,116.62633302149334,Clayey,North,Soybean
25.281548942840022,61.63018773359646,112.84744924671038,Loamy,South,Rice
29.525411455250822,54.42482518499378,110.26300409141628,Sandy,North,Soybean
25.632010433449874,52.2023480749211,99.3953264874224,Loamy,West,Maize
25.885255564463318,48.11333882076306,155.99056836706836,Loamy,North,Maize
22.227108924273452,56.14080928779725,98.17437946484903,Clayey,West,Barley
24.488703677882057,73.48061836093108,102.70232703203688,Clayey,North,Rice
37.002613947282846,71.98534156413261,90.09499628870573,Sandy,North,Wheat
21.949085034116514,62.301459839934694,89.43500962040714,Clayey,South,Barley
26.856878078329288,70.731119286962,121.35263245511841,Sandy,West,Soybean
21.034623427845414,49.79589479563848,112.04059936581316,Clayey,West,Soybean
18.644687510503278,72.03770689379142,99.56984833815514,Sandy,North,Wheat
16.61324187755821,51.18364538400348,113.3850835868119,Sandy,East,Barley
27.970913112140884,65.6225064878364,130.6153970325709,Loamy,South,Maize
19.359808796830464,66.02493512453816,132.13034650200842,Clayey,East,Soybean
15.700702410524283,54.7922784681304,122.30433462607078,Loamy,East,Barley
21.089046650606697,49.6757317527099,106.07555517411181,Loamy,North,Rice
26.01733982208282,84.4226679448095,77.68107896587516,Clayey,South,Maize
19.585048973460637,73.44930143916989,116.18094673693808,Loamy,West,Wheat
26.00887174132885,63.93635164727664,58.97677013334551,Clayey,West,Wheat
23.015216517260946,74.65757197164285,96.02836145149188,Clayey,West,Wheat
26.088070681285885,52.04003632476679,124.20057064667827,Clayey,North,Maize
28.31771080069725,45.78905996559312,99.25626684792088,Sandy,North,Maize
16.104030162134794,41.19502210854367,82.21274023332849,Clayey,South,Soybean
25.009767015082176,68.58332070725464,78.24986262072788,Loamy,North,Maize
20.874863018928,74.41203066047629,114.75013813564627,Clayey,West,Soybean
26.18160757803885,68.70453974473455,106.94619847223551,Sandy,West,Soybean
21.42021110095009,50.89030484837771,123.63517632745793,Sandy,North,Rice
24.770090467479235,61.55703608415142,101.74116557785398,Clayey,East,Rice
22.30557576662982,58.77477987345835,115.95794823844476,Sandy,South,Barley
26.7542212665334,62.63813832329674,66.69222210419608,Loamy,South,Rice
24.443770701050347,61.484804751066655,63.62887757421682,Loamy,North,Barley
20.75988063711816,47.54895910891608,87.15501949095643,Clayey,South,Barley
32.82438057386915,62.670368771047336,91.86628987581093,Sandy,South,Maize
18.75819507691019,56.19030132254421,81.64431112520879,Clayey,North,Maize
20.48197955475653,61.10704388339478,85.27693218884167,Sandy,East,Barley
21.614090955991983,73.80870029707003,120.21007110234721,Clayey,North,Rice
27.753576697681357,67.84257021634801,132.69206615050012,Loamy,South,Soybean
24.435408527914692,53.98209611291637,103.92737764564025,Sandy,East,Wheat
29.47157677705693,58.63103982054668,92.3611574608957,Clayey,East,Rice
23.546521715071435,45.96709069874961,100.66943306784295,Clayey,South,Rice
30.84262779410055,48.35188022004231,114.05091373784647,Loamy,North,Maize
19.958765836087707,71.52531682749975,61.97040410875475,Loamy,West,Wheat
25.9068779565481,65.16488617104751,98.72973133840567,Clayey,South,Maize
26.491372933304778,60.62501758913422,60.05191320173892,Sandy,South,Rice
20.3871710506657,58.8896657364715,117.40669218290275,Sandy,West,Wheat
29.332682366961542,75.58076117499034,91.93490393652904,Clayey,West,Wheat
24.68718851010425,69.64122159984946,103.06945068561785,Sandy,North,Maize
17.601694813298497,73.5843881299466,120.12199976441005,Loamy,North,Maize
23.919464446900285,56.65223535397655,102.47247977473837,Sandy,North,Maize
29.60279400906023,67.21732242533531,95.61771375987497,Loamy,North,Maize
24.26206382536762,45.65102866831047,71.49102945251659,Loamy,South,Barley
27.80523237140413,60.45799697750437,91.55016212665944,Sandy,North,Soybean
34.24318162136224,51.621703926487214,126.6009551803767,Clayey,North,Maize
23.13630129399827,69.57276957167035,119.81994334750497,Sandy,West,Soybean
20.08751273833547,72.17118734700733,94.31592753560041,Clayey,North,Wheat
24.468424940328372,39.79530347985477,93.74021546275945,Clayey,North,Soybean
24.849564451728504,71.25648986724612,100.42299267077613,Clayey,West,Wheat
16.818384462369853,47.38933857950295,90.85965977302733,Sandy,South,Wheat
22.049781171731603,62.14920846864203,114.44885441789353,Loamy,South,Wheat
20.18059799091686,51.99083947493765,120.55280396651708,Clayey,East,Maize
21.035587850584108,66.41701762278609,91.41026608985979,Loamy,East,Maize
24.62043214935657,56.45619406691687,100.67767258613941,Loamy,South,Barley
19.061964437287756,66.84695366441875,124.78632248344314,Clayey,West,Rice
27.81380785321533,60.70144614020098,76.27239698216476,Sandy,North,Wheat
21.646587651188643,37.22436704030572,77.95882067481972,Sandy,South,Wheat
24.89402867483571,60.352913932284025,88.86647634147516,Clayey,West,Maize
23.0230377196428,66.25215784483032,123.60698728797422,Loamy,North,Maize
27.576533635859153,44.86630832258406,81.59094382796401,Clayey,West,Soybean
29.07008524795857,54.076501921738576,100.58769892420847,Sandy,West,Soybean
15.40415145688825,67.13806586334407,100.70357704457163,Loamy,South,Wheat
27.742449310047924,65.9872619490141,83.84731414312627,Loamy,West,Maize
26.56348690052059,53.99416141137625,95.94670940849905,Sandy,South,Maize
26.45979705648814,79.49615379399643,95.97417727799552,Loamy,North,Soybean
28.672763104167505,57.870881526011196,101.39533932824853,Loamy,East,Maize
21.352252234982636,47.12085135200453,127.48616435943936,Loamy,North,Rice
20.041907293811903,46.427472972536435,87.72384026185152,Clayey,East,Barley
29.54037313620408,69.82007083236451,108.46365103294343,Clayey,North,Soybean
29.441073456394378,52.36295199768807,76.46298993526975,Sandy,East,Barley
28.62960863178357,66.9892202658844,85.2978703555591,Sandy,West,Wheat
28.655119896485527,39.08084739098737,108.66264051853327,Clayey,South,Maize
29.475846923010696,63.05967572909445,99.86898253757408,Sandy,West,Rice
25.743194964379274,63.30177446059056,99.28638610891345,Loamy,North,Maize
28.290025652562186,57.217207459662596,124.57565533370203,Sandy,West,Soybean
31.26134942126012,68.43724598545299,96.95478005333767,Clayey,North,Maize
25.639469293425027,59.93210351730917,95.84660903612853,Loamy,South,Rice
27.84141408988708,45.55618089814754,135.2378911410268,Sandy,South,Wheat
18.55184610040781,61.6845538608458,58.94060824801641,Loamy,West,Maize
30.30733257968123,52.80688742546698,113.15169509581659,Loamy,East,Soybean
22.328205930893706,71.88114420018118,94.03411502414039,Loamy,East,Wheat
26.983332739481433,56.77170122666324,93.51789369240181,Clayey,East,Rice
25.639569701571805,48.59760439729147,113.63106651691098,Sandy,West,Barley
28.9947915931984,64.77492450656874,122.34078674916528,Clayey,West,Rice
21.37314641760143,66.98387164594695,75.74898543309338,Loamy,North,Maize
32.53901094150535,63.4179610053689,85.12130129522747,Clayey,West,Barley
24.25812645266432,69.59952341477226,136.50051188293924,Loamy,West,Wheat
21.763941183139412,67.14958162203882,99.3366395343566,Clayey,East,Rice
20.95177608832054,57.7782095863489,102.12634646031997,Clayey,East,Soybean
35.04958396718777,52.42792218686598,116.89641959478529,Loamy,West,Maize
21.331249578833297,66.07441186104074,118.84574934148257,Sandy,South,Barley
25.011999312700077,51.04959734797623,109.85048950046794,Sandy,East,Barley
27.00909670044161,59.69546565812782,102.05734039789623,Loamy,South,Barley
24.378706593750316,49.64190520733002,100.29796797977316,Sandy,West,Wheat
20.770464869878246,56.67484299642651,80.97665821478564,Loamy,West,Rice
18.167212612117545,57.38334847143605,102.26358110464905,Loamy,South,Soybean
17.86993340198329,50.10296522582881,80.85462215729407,Loamy,West,Maize
23.646156548939384,48.93220280885254,128.24536999285198,Clayey,West,Rice
26.64608361719138,70.87821487120685,116.0237320284502,Clayey,South,Wheat
27.138193685378578,45.73035733345873,103.59531106314648,Loamy,West,Barley
30.56375502425236,67.46585827319173,62.06748077002801,Sandy,South,Maize
