Temperature,Humidity,Rainfall,Soil Type,Region,Irrigation,Fertilization,Pest Control
34.65208642568518,59.53842363860859,72.0255025201326,Clayey,South,Flood,Inorganic,Biological
21.725790105295424,66.44856572247735,119.80817810668289,Loamy,East,Drip,Organic,Biological
32.70917247214595,67.82605843470427,57.288940455295354,Loamy,North,Flood,Organic,Chemical
15.718095384281137,69.68855851582839,137.03184977630463,Clayey,South,Drip,Organic,Biological
21.054218454245337,46.85705633224871,118.51078049520122,Loamy,South,Sprinkler,Organic,Biological
28.944277834696976,40.38698550673288,67.03932284943397,Clayey,East,Flood,Organic,Biological
24.95431845524694,47.40442117263916,126.65436466563828,Loamy,West,Flood,Inorganic,Chemical
26.448975354872243,74.28565834031592,101.33542873952422,Clayey,West,Flood,Inorganic,Chemical
27.70521038698094,53.571512059807596,79.24039539619052,Loamy,West,Flood,Inorganic,Biological
15.227055462120273,76.50390887660538,62.56511023452242,Clayey,West,Flood,Inorganic,Biological
21.968453133001475,73.68230137575094,76.84598122927228,Clayey,West,Drip,Inorganic,Biological
19.34222356469658,86.61210342939769,65.94874583544615,Sandy,South,Drip,Organic,Chemical
31.326656109596,42.43993474005246,121.68989036835023,Clayey,West,Sprinkler,Inorganic,Biological
27.56618372217609,45.892223007973776,52.204664040200434,Loamy,North,Sprinkler,Organic,Biological
15.059751055321133,76.09473340937635,72.95896894944296,Clayey,West,Flood,Organic,Biological
24.936011161470894,82.31948412465486,61.90929876714599,Clayey,East,Drip,Organic,Biological
34.64189659907668,72.13853455943362,64.3179386835808,Loamy,North,Flood,Inorganic,Chemical
23.991418544234637,75.3044031327893,136.7228428146645,Clayey,North,Sprinkler,Inorganic,Biological
15.28461358886626,51.715400300030886,69.22620466413888,Sandy,North,Flood,Inorganic,Biological
29.948569306469746,40.16844463305071,138.30276512596504,Loamy,West,Sprinkler,Organic,Biological
23.830816563991696,67.7550708619012,145.4863811608605,Clayey,West,Sprinkler,Inorganic,Biological
30.5349447643998,58.236795416525766,65.8884501434105,Clayey,North,Drip,Organic,Chemical
26.60768321471479,68.70419178604772,129.15608229373518,Sandy,East,Flood,Organic,Chemical
15.005457760375728,43.62315357876415,59.956021240763434,Clayey,East,Sprinkler,Inorganic,Biological
23.333937437350116,77.57808031362975,131.4250254439533,Loamy,West,Flood,Inorganic,Biological
22.85372709121779,69.7712113196804,124.50008538387934,Sandy,South,Sprinkler,Inorganic,Chemical
30.95347206984946,55.51540789851521,133.25775665474856,Loamy,West,Drip,Organic,Chemical
30.91566132056492,85.43902648142931,138.14608143938585,Loamy,East,Sprinkler,Organic,Chemical
28.65272204771061,50.58775602887033,129.4923918230976,Clayey,East,Drip,Inorganic,Biological
21.09487077753876,86.00388988271983,134.97583252695813,Loamy,East,Sprinkler,Inorganic,Biological
31.334843689998756,44.62246399045893,86.591824133542,Clayey,South,Drip,Organic,Chemical
33.365788263732284,74.91631533350017,120.86388514326572,Clayey,South,Drip,Inorganic,Chemical
17.519626756776105,74.96296894448214,86.7550406780332,Sandy,South,Drip,Organic,Biological
16.938648486074822,87.46837014175136,83.3185449985249,Loamy,South,Drip,Organic,Chemical
17.69403374147722,88.79171200451762,110.22745107332643,Clayey,East,Sprinkler,Organic,Chemical
18.562619441931954,84.33925075222547,57.545389813135515,Loamy,North,Flood,Organic,Biological
16.909124895753386,48.31799843371435,147.22673199788133,Sandy,East,Sprinkler,Inorganic,Chemical
16.458320098022284,76.52894668732853,67.83958175616948,Loamy,East,Drip,Organic,Biological
30.15751867531403,80.49705160166957,81.69181006963936,Sandy,East,Drip,Organic,Biological
22.212869859238698,86.06110207244686,108.23609751356634,Clayey,North,Drip,Inorganic,Chemical
25.179091107792154,60.46758110489023,54.58609484094915,Sandy,West,Flood,Organic,Biological
32.49810464045969,70.10090167119212,113.06849285976179,Clayey,South,Sprinkler,Organic,Chemical
22.08789808168381,58.5225408380403,117.05851498813199,Clayey,East,Drip,Inorganic,Chemical
17.421363317479074,75.84806186520481,91.18969345578321,Clayey,West,Flood,Inorganic,Chemical
30.19805466260061,69.9016056934975,63.629525372820005,Loamy,East,Drip,Inorganic,Biological
15.585122409964512,42.92373580723725,137.48749849072573,Sandy,North,Drip,Inorganic,Biological
23.344526270997054,80.10129486807617,127.96992846358215,Sandy,South,Sprinkler,Organic,Chemical
27.51476270965111,76.23933339506885,117.32647316421465,Sandy,West,Drip,Organic,Chemical
15.809978331671594,76.1502307388055,73.94073781184537,Clayey,West,Sprinkler,Inorganic,Biological
28.95052043298096,84.58096165300645,116.22617169675782,Sandy,West,Sprinkler,Organic,Chemical
33.6578099374851,72.51303461093951,86.88489084897259,Clayey,North,Sprinkler,Organic,Biological
20.216797918236864,79.18962667514438,92.15902660767382,Sandy,North,Flood,Organic,Biological
22.363879468751456,86.39389683080555,50.98009777965571,Loamy,North,Flood,Organic,Chemical
25.11224926364741,71.94922106807944,62.439202074459374,Sandy,West,Drip,Organic,Biological
32.830783664548534,79.27922298171933,89.97891064191953,Loamy,East,Sprinkler,Inorganic,Biological
19.816021562492026,75.04232106792806,94.94946859868227,Loamy,East,Flood,Organic,Biological
18.083584883683447,67.70738195604042,126.73169557643034,Sandy,North,Drip,Inorganic,Chemical
20.291048941117555,63.274224668350286,123.70574644055422,Clayey,North,Drip,Organic,Biological
17.203699281816725,64.64559086874362,64.521722954177,Clayey,North,Flood,Inorganic,Biological
29.001965248362474,88.18234933869665,91.84363767130394,Clayey,West,Sprinkler,Inorganic,Biological
21.615479018080247,65.66197982860236,141.14892981421193,Sandy,North,Sprinkler,Organic,Biological
23.037913953283244,53.59642395438899,107.88962830767451,Loamy,North,Drip,Inorganic,Biological
25.0141644191181,48.62172980955903,98.06233556635995,Loamy,South,Flood,Inorganic,Chemical
17.472788682069368,49.01342829806514,74.77666695997408,Clayey,East,Sprinkler,Organic,Chemical
20.229895292714954,43.532026311086646,78.21614472172739,Sandy,West,Drip,Organic,Biological
34.10657155081471,79.61010469196155,84.7076336689542,Loamy,North,Sprinkler,Organic,Chemical
24.804339055331816,76.13397238865245,130.78314853111215,Clayey,West,Sprinkler,Inorganic,Biological
23.91291430729989,69.63115964605807,62.13934183828117,Sandy,East,Sprinkler,Organic,Biological
17.8585051254579,74.72701415769578,56.589143685575834,Clayey,East,Flood,Inorganic,Biological
34.75217848858544,72.73979979838806,70.53194367952482,Loamy,East,Sprinkler,Organic,Chemical
30.31051212157087,52.84506901092077,106.41302756272455,Loamy,East,Flood,Inorganic,Chemical
31.902842102367124,54.760432415923425,63.00912835028607,Loamy,North,Sprinkler,Organic,Chemical
17.14223857511177,64.84679640852258,106.05231335542263,Sandy,North,Sprinkler,Inorganic,Biological
16.332168055993467,63.99630777547843,94.29209216828471,Loamy,North,Sprinkler,Inorganic,Chemical
18.85312989100884,59.14231431144033,98.2035314068577,Loamy,South,Sprinkler,Inorganic,Biological
19.83292061196383,50.38776634282789,132.2724320563441,Loamy,North,Flood,Inorganic,Chemical
31.534800242491556,53.29179815246418,145.17351931270815,Loamy,East,Flood,Inorganic,Chemical
34.408386015022465,69.58320730406842,90.41121711477652,Sandy,East,Flood,Organic,Chemical
32.21915733029097,77.05812904621574,97.61294870819415,Loamy,North,Flood,Inorganic,Chemical
33.0121946727706,44.43371917811382,83.53293453189175,Sandy,South,Drip,Organic,Chemical
26.730726059551742,78.93842712622737,96.5936639545015,Clayey,North,Sprinkler,Organic,Chemical
30.582362342632234,85.3778000646725,60.03003290964823,Clayey,West,Drip,Organic,Biological
16.254968732384295,59.07183011149143,149.7688573891997,Loamy,South,Drip,Organic,Biological
30.793032791523114,52.383983033076206,79.59266880571182,Clayey,East,Sprinkler,Organic,Biological
24.20991691830104,48.90036594117152,145.40724820745243,Clayey,East,Sprinkler,Inorganic,Biological
25.49585353601958,70.35584817302217,126.96047365255694,Loamy,West,Drip,Inorganic,Biological
15.933053310519007,77.63510456668341,95.12627241381563,Sandy,South,Drip,Organic,Biological
30.607079800910917,70.99410900061994,145.73597534359487,Sandy,South,Sprinkler,Organic,Biological
27.022177431518273,58.65484568780126,124.46684921710435,Clayey,East,Flood,Organic,Biological
27.269568232099335,60.4590061367477,62.19115656942273,Sandy,North,Flood,Inorganic,Biological
16.487627580666274,66.98400890469735,107.78286343244429,Sandy,West,Flood,Inorganic,Biological
32.07371108913179,75.25522044712078,59.7872206518239,Sandy,South,Drip,Organic,Biological
19.291982010925217,60.05829834445291,82.7124465637259,Sandy,West,Drip,Organic,Chemical
18.502990472433336,57.72788834071515,98.0407993799341,Clayey,West,Drip,Inorganic,Biological
26.32141404224688,53.18587516629159,50.42725250584027,Clayey,West,Drip,Inorganic,Chemical
24.976354229491434,49.59905049948954,50.58944008596752,Sandy,South,Sprinkler,Organic,Biological
29.89002744120268,63.06323324894082,136.5152353451932,Loamy,West,Sprinkler,Organic,Chemical
31.838216626609544,87.70978791690636,147.90484563737715,Sandy,East,Drip,Organic,Chemical
26.715073167373227,52.46465650371214,57.51610782885679,Loamy,North,Drip,Inorganic,Chemical
18.706537745231657,81.9799088109283,99.78258353200692,Clayey,South,Flood,Inorganic,Biological
24.082861430961238,74.22284962578615,119.83096614171477,Clayey,West,Drip,Organic,Biological
25.35987350724004,40.03986223604085,118.66115608260509,Clayey,South,Sprinkler,Organic,Biological
27.33422747684806,82.8104245792343,113.2610337744784,Sandy,East,Flood,Organic,Chemical
18.157117507232527,88.87730350852345,92.82873000244757,Sandy,West,Sprinkler,Organic,Biological
19.17246206629426,52.53390610629857,68.0514500967697,Clayey,West,Flood,Inorganic,Chemical
28.101228547036335,49.33754471489257,87.82130531131469,Loamy,South,Flood,Organic,Biological
34.43361382244731,89.50754012620644,88.84756363015293,Loamy,North,Flood,Inorganic,Chemical
16.097414675251407,48.18018741437724,113.1551620820552,Sandy,East,Sprinkler,Inorganic,Biological
15.918328396444704,58.25978184139281,134.6892570323264,Clayey,West,Flood,Inorganic,Biological
15.087538136693626,63.602698358410684,91.59244470512684,Clayey,North,Drip,Inorganic,Biological
20.563287135934836,56.99689705645294,68.95603281657975,Sandy,West,Flood,Organic,Biological
15.338787398344644,58.274228009882606,94.68150693513573,Sandy,North,Sprinkler,Inorganic,Biological
31.418415583579403,71.28704421699854,78.7539590020155,Sandy,North,Flood,Organic,Chemical
15.496969602966049,42.38680378269548,99.14088869712785,Clayey,East,Flood,Organic,Chemical
27.9618391458706,41.75241323803353,67.59529498225703,Clayey,North,Flood,Inorganic,Chemical
33.71333140439286,59.10641812598572,131.47129633641822,Sandy,West,Sprinkler,Organic,Biological
15.72119488640669,41.19499307137374,108.70189268843015,Loamy,North,Flood,Inorganic,Chemical
31.68571791667673,57.278676749917445,97.04678500183752,Sandy,East,Flood,Organic,Chemical
16.179707703499275,47.41994549800955,126.71202940207715,Loamy,North,Sprinkler,Inorganic,Biological
32.30363421332481,65.90418955243216,104.22719165044543,Clayey,East,Flood,Organic,Chemical
23.37702608068229,43.24097601654054,146.0941947796779,Sandy,South,Drip,Inorganic,Biological
20.487127506325727,56.338655125716414,126.74286888004204,Sandy,South,Drip,Organic,Biological
19.875023751908287,45.152073818238506,71.56420796841763,Sandy,East,Flood,Inorganic,Biological
16.839281653564328,40.20665284421611,84.23754316447418,Sandy,North,Sprinkler,Inorganic,Biological
16.621254458530686,86.61357870377711,102.802107495655,Sandy,East,Drip,Organic,Chemical
22.636519450812806,50.788071800580894,110.91733155146602,Sandy,South,Sprinkler,Inorganic,Biological
25.184580727441315,44.482159991375234,135.56563155180132,Clayey,West,Flood,Inorganic,Chemical
15.349228541514208,50.97866789946967,131.19271746419025,Loamy,North,Sprinkler,Organic,Biological
28.87776846171147,56.88521567325867,145.8146122599403,Loamy,South,Flood,Inorganic,Chemical
19.408968137211808,59.156705747212094,121.34293517867134,Loamy,East,Sprinkler,Inorganic,Biological
18.651524085046564,54.20401279459651,86.77152767785786,Loamy,South,Drip,Inorganic,Biological
32.630307751813106,51.090283059991066,53.28535745652946,Sandy,North,Drip,Organic,Biological
19.887533940704667,49.39213496668849,62.28612765609658,Sandy,South,Flood,Organic,Chemical
21.58616223058759,76.92350956037151,62.03761121621679,Clayey,North,Drip,Organic,Biological
19.58535610187578,88.60875904856671,73.60197395320189,Loamy,West,Sprinkler,Inorganic,Biological
16.119355917817973,63.08861340972391,111.64674197889549,Clayey,South,Drip,Inorganic,Chemical
20.003919736520817,87.84431034551639,106.4464479820988,Clayey,East,Flood,Organic,Biological
18.9674103372327,66.95856927171899,87.49094940383551,Clayey,South,Sprinkler,Inorganic,Chemical
20.99912812860595,59.272367076706466,102.17657683073998,Clayey,South,Drip,Inorganic,Chemical
34.545045693135286,55.74360256308158,95.82599993730548,Loamy,North,Drip,Organic,Biological
29.092272029109076,76.64037778014387,87.00969525249529,Loamy,West,Drip,Organic,Chemical
34.3152261693447,61.05338681532852,71.80605513050014,Loamy,East,Sprinkler,Inorganic,Chemical
32.0091914792721,81.905763524111,147.53987941259288,Clayey,North,Flood,Inorganic,Chemical
21.53698356951963,42.11344384145961,84.56120865483186,Clayey,North,Flood,Organic,Biological
25.2622337583679,68.18234210843858,122.65711521342195,Loamy,South,Drip,Inorganic,Biological
32.71547016186172,73.93523794259647,63.4939042319978,Sandy,West,Drip,Organic,Biological
32.09704883163369,69.14943525079684,126.6775734702493,Clayey,South,Sprinkler,Organic,Chemical
25.79147819447263,73.3299189700692,56.527799929725845,Clayey,West,Drip,Organic,Chemical
20.487252441370273,58.37954425847296,130.2739795908575,Loamy,North,Drip,Organic,Biological
28.07356944712696,41.59179644098761,143.7449426650993,Loamy,West,Drip,Inorganic,Biological
16.286735323618235,55.01136616951158,124.10328534395465,Clayey,West,Drip,Inorganic,Chemical
28.98408196544983,88.19024189440194,123.19787710299919,Sandy,South,Sprinkler,Organic,Chemical
20.982109690854195,72.51261929270343,89.61646787910868,Sandy,East,Drip,Inorganic,Chemical
31.340267020093382,58.06475685122841,110.51395070149746,Loamy,South,Drip,Organic,Biological
29.50443374909444,84.48873469864765,83.88004431156328,Loamy,North,Flood,Organic,Biological
25.726479528869984,41.79378580428361,66.3554426184254,Loamy,North,Drip,Inorganic,Chemical
23.089531622934828,51.18633943489309,146.28252379257685,Loamy,North,Flood,Inorganic,Biological
17.025117904464775,42.04024363672703,84.51169919145022,Loamy,West,Flood,Inorganic,Biological
22.88737139315611,48.664566147826264,81.04693568218767,Loamy,South,Flood,Organic,Biological
22.83188502398562,82.0197009953317,134.88063580253305,Clayey,South,Flood,Inorganic,Chemical
21.427572279781984,72.66623485372361,120.88272831392722,Sandy,East,Drip,Inorganic,Biological
23.758244777962197,46.018915357939505,113.99535481677393,Sandy,West,Drip,Organic,Chemical
17.969791779514267,45.688097153705506,148.56668031379192,Clayey,South,Sprinkler,Organic,Chemical
16.844277793661835,72.73727258477413,104.11078212114387,Sandy,West,Drip,Inorganic,Chemical
20.38532515766408,78.10644702087856,89.84005890164492,Loamy,North,Drip,Organic,Biological
34.57933811052484,87.57019373846113,147.16472879927866,Sandy,West,Sprinkler,Organic,Chemical
30.68985728136944,44.64246558139496,73.1208144096855,Sandy,East,Flood,Inorganic,Chemical
30.428750477406624,56.190465230989616,146.22381602046536,Loamy,East,Sprinkler,Inorganic,Biological
30.723282146136278,86.71187943271923,99.06214946737234,Loamy,North,Sprinkler,Organic,Chemical
29.292075023377087,59.74653083356233,122.11960179119616,Loamy,West,Sprinkler,Organic,Chemical
20.80618540478263,83.08210242152776,123.53837363358264,Clayey,West,Flood,Inorganic,Biological
34.350823497128516,75.94920396721136,86.19253757260996,Sandy,East,Flood,Inorganic,Biological
27.160177617399256,59.13927373035972,70.10418133658824,Loamy,North,Drip,Inorganic,Chemical
26.55515503918936,41.936651784108925,55.52293293141584,Sandy,South,Drip,Organic,Chemical
26.145354125560758,60.927146165901846,82.19955671891915,Sandy,South,Flood,Organic,Biological
30.001203675056697,78.82362402296428,115.58079875883811,Sandy,West,Flood,Organic,Chemical
34.16660091374757,84.04513603484887,87.59264647794438,Loamy,East,Flood,Organic,Chemical
15.41649281227918,50.29390333306509,128.66821491532784,Clayey,South,Flood,Organic,Chemical
20.54754746223979,46.35557117239432,93.99953188541255,Clayey,North,Sprinkler,Organic,Chemical
18.400038281820176,85.47465225179016,56.9974218819983,Clayey,East,Flood,Organic,Chemical
16.149944177935133,65.32435893185266,64.11885249237386,Sandy,South,Flood,Inorganic,Biological
29.04044293674347,86.60280841040432,141.8670579256608,Loamy,West,Drip,Organic,Chemical
33.016272987597674,76.8033725502695,111.00464309323729,Clayey,South,Flood,Inorganic,Chemical
23.376320404907602,48.085641186724466,109.43170012344152,Loamy,East,Sprinkler,Inorganic,Chemical
34.13475374066111,73.85658921461877,74.86033222041837,Sandy,North,Sprinkler,Organic,Biological
29.625168859810657,78.91772566583981,137.212912805087,Sandy,North,Drip,Inorganic,Biological
32.77460585846137,75.92651157616169,108.88499548331808,Loamy,East,Flood,Inorganic,Chemical
17.542511432492965,62.211806191145385,80.12794633373178,Loamy,North,Drip,Inorganic,Chemical
32.82508625335136,66.49506716929791,129.62898064253312,Sandy,East,Sprinkler,Organic,Biological
25.071044805219813,48.534818033303075,122.47554211505117,Loamy,South,Drip,Inorganic,Biological
18.68887055007601,78.9533872338443,50.065377181811556,Loamy,West,Sprinkler,Organic,Chemical
26.85038369848545,51.42448351918913,68.31726120256435,Loamy,South,Sprinkler,Organic,Chemical
15.032786704754024,57.213046820143816,139.4977893176973,Clayey,West,Sprinkler,Organic,Biological
16.987902141343532,88.58107661539958,68.63770852484785,Loamy,South,Sprinkler,Organic,Chemical
16.538435012040967,51.625161452376844,59.65206274241173,Clayey,East,Sprinkler,Organic,Chemical
26.449181245872126,83.9080717846726,141.23538307980778,Loamy,East,Sprinkler,Organic,Biological
17.687615816062163,82.6964137093386,76.35904143527131,Clayey,North,Flood,Inorganic,Biological
19.387461599327676,61.85976238248323,65.79579955344013,Clayey,West,Sprinkler,Organic,Chemical
20.292501127912484,58.85729607790628,143.88540248704578,Clayey,East,Sprinkler,Inorganic,Chemical
19.07501852666993,70.20056360294758,97.73109952746663,Loamy,South,Flood,Inorganic,Chemical
24.990118348274173,63.32903988039118,132.57034483915268,Clayey,East,Drip,Inorganic,Chemical
22.465282596619236,46.55486445532238,63.25569692318639,Loamy,North,Flood,Organic,Biological
33.89443382221949,61.56322397701865,59.190442526139584,Loamy,East,Flood,Organic,Chemical
24.824789991088394,67.6738747298462,109.1338387573017,Clayey,West,Drip,Inorganic,Chemical
31.89771704248939,67.31800959070952,118.89554638222049,Clayey,East,Flood,Organic,Chemical
34.581256155800304,48.42476226653534,56.06700311057974,Clayey,East,Flood,Organic,Biological
22.684041270002883,64.56429872193105,111.56331399966712,Sandy,East,Flood,Organic,Chemical
18.246336017219036,48.25732587721961,103.01438558760631,Loamy,West,Sprinkler,Inorganic,Chemical
30.84464959398345,53.169925325223915,130.78129104119995,Loamy,West,Drip,Inorganic,Chemical
19.215371925392922,88.14214793271765,56.525068894393826,Clayey,North,Flood,Inorganic,Biological
15.78196988269211,51.310196009144676,50.50854428166013,Clayey,East,Sprinkler,Organic,Chemical
16.32402014863706,80.9948883837625,125.27897741370883,Sandy,West,Flood,Organic,Chemical
22.17388739737844,88.2887405164585,56.331396243975654,Clayey,North,Sprinkler,Inorganic,Biological
31.911355679193086,55.724879501604946,74.90909019228337,Loamy,North,Flood,Inorganic,Biological
15.478288048920689,61.11193235718143,56.79141063368307,Clayey,West,Flood,Organic,Chemical
30.519680221586352,53.9632501532809,99.98793240656673,Sandy,South,Sprinkler,Organic,Chemical
30.546059432956746,62.37402556770778,98.61285126502165,Sandy,North,Flood,Inorganic,Chemical
18.097434113615925,44.09510908043637,101.74038151343798,Clayey,East,Drip,Inorganic,Biological
26.80381901964671,44.108722899371614,90.84222254597327,Loamy,North,Drip,Inorganic,Chemical
28.307285614834786,46.22810725866548,67.77399725845441,Sandy,East,Sprinkler,Inorganic,Chemical
31.5192635439862,67.64271057213347,108.45256330608629,Loamy,West,Sprinkler,Inorganic,Chemical
18.588117364861315,49.096783035191265,118.52668962256058,Sandy,North,Flood,Organic,Chemical
19.914334653022987,73.59103066057975,128.8747494998428,Loamy,West,Sprinkler,Inorganic,Biological
23.31188809835701,75.08225930737328,60.90723812297483,Sandy,North,Flood,Inorganic,Chemical
23.84010172806069,58.586092591980304,139.79778892183128,Loamy,South,Drip,Organic,Biological
18.510564294886144,44.04176246061727,118.4041374901717,Clayey,North,Flood,Organic,Biological
20.601427459870898,43.37282210429921,78.07054587643323,Loamy,West,Drip,Inorganic,Chemical
17.82124910313925,71.41936514824724,74.10582978480532,Loamy,South,Drip,Inorganic,Chemical
24.923468100111933,74.03419180553664,61.9841964257666,Clayey,North,Drip,Inorganic,Chemical
24.98264639712291,46.2624728045549,110.60465582772648,Sandy,West,Drip,Organic,Chemical
31.25138789617148,61.82690462885445,69.36394402221015,Clayey,South,Flood,Inorganic,Biological
20.291765352298995,81.76921402918632,105.3327158116404,Clayey,North,Drip,Inorganic,Biological
20.809144364175957,53.216183633170296,77.95335667604442,Loamy,West,Sprinkler,Organic,Chemical
19.201954594785434,79.37180407643034,76.54095254732925,Loamy,North,Drip,Organic,Chemical
22.489490076464595,54.03751982359402,137.18408024849833,Sandy,North,Drip,Inorganic,Biological
26.80616733530254,60.05146368909337,91.67281524946026,Sandy,West,Flood,Organic,Chemical
27.672013208904872,79.74916501585413,58.54326152778171,Clayey,East,Sprinkler,Inorganic,Biological
25.294331063884492,72.33992676805269,143.58169481385198,Sandy,North,Flood,Organic,Chemical
33.475003576444465,84.27950677723604,85.0817646182312,Loamy,West,Drip,Inorganic,Biological
30.870437583345115,81.30469541747229,109.10716840855883,Sandy,North,Sprinkler,Organic,Chemical
31.46065875489921,83.74154576522105,138.85159609701492,Sandy,South,Flood,Inorganic,Biological
18.376034883648796,75.08164624789461,58.04224682024783,Sandy,West,Flood,Inorganic,Chemical
15.721849528009047,45.63180274280645,75.88256901352102,Loamy,West,Drip,Inorganic,Biological
19.11393429839215,62.629355849907746,82.54097004083476,Clayey,West,Flood,Organic,Chemical
29.965909988883944,80.48693844143267,112.34300086915945,Clayey,West,Sprinkler,Inorganic,Chemical
32.13040479810551,80.80285010060513,75.06494300215851,Clayey,West,Drip,Organic,Chemical
18.489209058621917,67.55822926379155,59.51676240670447,Sandy,East,Sprinkler,Organic,Biological
29.426121770789646,81.30869174063389,85.88545257652794,Sandy,East,Flood,Inorganic,Chemical
21.71437024973911,81.57370843065726,60.20470473694381,Clayey,West,Drip,Inorganic,Chemical
23.71627166325277,57.71225342789643,123.71751052823802,Clayey,North,Sprinkler,Inorganic,Biological
33.68823275094064,64.7385682190783,68.63580847007034,Clayey,South,Drip,Organic,Chemical
27.220571177004803,79.19750060129324,81.80993273884691,Sandy,East,Drip,Organic,Biological
27.262053202351655,51.36520648969646,123.36559111158522,Clayey,East,Drip,Organic,Chemical
20.55088167432787,75.05070912363522,131.93951489715337,Loamy,East,Drip,Organic,Biological
17.93616086147425,44.17405697343565,142.9888528706191,Loamy,East,Flood,Organic,Biological
18.892581787800594,41.05453870575229,113.19171664376952,Loamy,South,Drip,Organic,Biological
15.021521807795503,55.71443774868526,74.1480428996037,Clayey,North,Sprinkler,Inorganic,Chemical
33.94268589378933,70.19366092890102,94.85547823703419,Clayey,North,Drip,Inorganic,Chemical
26.38282081754095,59.825321880588575,118.13412296954272,Clayey,East,Drip,Inorganic,Chemical
18.079803401846185,65.95640958763263,72.21125913190353,Loamy,East,Flood,Organic,Chemical
17.68132806056304,59.24245164956632,88.33589918560197,Clayey,North,Flood,Organic,Chemical
32.24729822453375,50.98320744942157,52.78497541257795,Clayey,South,Drip,Inorganic,Biological
33.171067336450456,79.78777456505784,110.09358582051027,Loamy,North,Drip,Inorganic,Biological
21.542980699474043,85.39617430856725,126.00488918369295,Loamy,West,Drip,Inorganic,Biological
23.696110855833485,78.93319808761137,132.1020540610549,Clayey,North,Flood,Organic,Chemical
25.045337703324773,81.36057644182475,63.57240848977914,Sandy,West,Flood,Inorganic,Biological
18.27797510791474,80.49314282932562,82.12758806057874,Clayey,East,Sprinkler,Inorganic,Biological
30.6696401530682,50.51791979701003,141.89164935987623,Loamy,North,Sprinkler,Organic,Chemical
29.307586056616366,62.95667951637527,79.07162575931791,Sandy,North,Sprinkler,Organic,Chemical
20.43792541301447,40.78865905441688,58.42520599320857,Sandy,North,Drip,Organic,Biological
25.371059003587746,60.53683479473702,95.79939724339661,Loamy,East,Flood,Inorganic,Chemical
17.140250148942137,41.225223309335185,129.98145602560436,Sandy,West,Flood,Organic,Chemical
17.439741942932947,55.8551994618653,64.91287619304147,Sandy,West,Flood,Inorganic,Biological
28.570124959681767,82.19117204097981,130.04166833298677,Clayey,North,Sprinkler,Organic,Biological
15.562225198895522,42.77596394359051,52.65185382064741,Sandy,North,Flood,Inorganic,Biological
32.59586971637748,54.87209715050199,129.0345443322983,Clayey,South,Drip,Organic,Chemical
27.84109560148787,42.63168734571099,79.93794232910479,Sandy,South,Drip,Organic,Chemical
30.18533101755284,69.26204119198424,123.18621062080501,Clayey,North,Sprinkler,Organic,Biological
20.96636675003741,44.52485151036477,146.1153406780922,Clayey,North,Flood,Organic,Biological
26.285315010484105,84.1932786150166,77.52083027372817,Clayey,East,Flood,Inorganic,Biological
17.8912707213475,72.62304637579749,135.9163599986966,Loamy,North,Drip,Organic,Biological
24.384288952852266,72.98489058627749,108.90697895753136,Clayey,East,Sprinkler,Organic,Chemical
15.528356590793704,58.92858892000581,50.127340046606015,Clayey,South,Flood,Organic,Chemical
27.28973405277748,46.94457793384798,90.78332567467592,Sandy,South,Sprinkler,Organic,Chemical
28.094131472341182,40.85451195258693,53.94249231119513,Sandy,West,Sprinkler,Inorganic,Chemical
25.78226426218441,65.19917039604107,143.5887918340667,Sandy,North,Drip,Inorganic,Chemical
24.15593384438287,82.61650982295437,62.22727293755554,Loamy,South,Flood,Inorganic,Biological
31.215203833411213,85.33559563213393,112.76664153290886,Loamy,South,Sprinkler,Organic,Chemical
17.331690351672155,76.14614022552075,58.95724345856196,Loamy,North,Flood,Inorganic,Chemical
31.34955737630505,77.53103555770375,101.95139368842797,Clayey,East,Sprinkler,Inorganic,Chemical
28.782669723664263,58.64998692495858,135.846728815927,Clayey,East,Sprinkler,Organic,Chemical
17.032616264910395,67.89729471244787,76.33686717039163,Sandy,South,Sprinkler,Organic,Chemical
19.5460444459987,49.31081485208002,109.82342251498618,Loamy,West,Drip,Organic,Biological
33.452039647355484,60.03114605520497,94.26298069413684,Loamy,South,Sprinkler,Inorganic,Chemical
22.389226358456796,62.40964800002976,62.42560947065378,Sandy,South,Drip,Organic,Chemical
19.010409957524192,48.53481121703034,64.2792034802859,Clayey,East,Flood,Inorganic,Biological
24.41436893768502,75.38118626992402,82.46718511834372,Clayey,South,Flood,Organic,Biological
33.257751013723336,89.88551399594863,118.25215058570241,Clayey,West,Flood,Inorganic,Biological
29.318040188003014,89.32312162992248,147.91854657026823,Sandy,North,Drip,Organic,Chemical
23.502278077214946,55.07205557286079,144.25404945701584,Sandy,South,Flood,Organic,Biological
22.499690655011797,56.55927127871928,68.75334947036703,Sandy,South,Drip,Inorganic,Chemical
25.22332713356183,44.39764421517598,119.02555032732919,Clayey,East,Flood,Organic,Chemical
25.501249188709778,82.64409923138584,112.70264689324334,Clayey,South,Drip,Inorganic,Biological
15.551701824228552,77.14480724909939,90.86460108256355,Clayey,North,Flood,Organic,Chemical
24.36128522955151,76.04843394577934,149.39258895780495,Sandy,West,Sprinkler,Inorganic,Biological
21.743121144897827,63.63643217178635,87.25224462363387,Sandy,West,Sprinkler,Organic,Biological
21.570017487439088,46.287676457537344,63.83846142975622,Sandy,East,Sprinkler,Organic,Chemical
24.190326619561567,70.10879341942521,126.46105292573941,Clayey,North,Drip,Inorganic,Chemical
17.453971723820988,82.77368544601589,62.38990701872387,Sandy,North,Drip,Inorganic,Chemical
31.23269526927621,80.26074728776172,72.0348046231425,Sandy,West,Sprinkler,Inorganic,Biological
22.958175147000826,83.31797563144002,128.08751301141245,Loamy,North,Flood,Organic,Chemical
17.46373499677372,48.71531089434273,82.66611289005864,Clayey,West,Sprinkler,Organic,Biological
34.48574884118055,55.67033148763561,83.13198105959893,Loamy,North,Sprinkler,Organic,Chemical
32.29729531077526,43.13973209742253,141.89366752440822,Sandy,East,Flood,Inorganic,Chemical
32.940280127691814,55.32408440634336,69.56084259933127,Clayey,East,Drip,Organic,Chemical
25.244664378717474,64.57883502309143,122.69000177806834,Clayey,South,Sprinkler,Organic,Chemical
28.633112287155825,43.78991299575082,50.570323319871044,Clayey,South,Flood,Organic,Chemical
17.624088701255264,42.70255663197187,67.9297825125127,Clayey,East,Sprinkler,Inorganic,Chemical
26.349204069640553,59.63098166784655,114.07453249844353,Loamy,North,Sprinkler,Inorganic,Chemical
20.67194788618963,71.75592740021644,117.967434282532,Sandy,East,Drip,Organic,Chemical
19.952529171367225,63.78688015308231,64.05732160896578,Clayey,North,Flood,Inorganic,Chemical
16.708175934483148,43.51725293942007,145.12788863492307,Sandy,North,Flood,Inorganic,Biological
17.239533634095775,56.506974140343445,110.67016876228081,Clayey,South,Sprinkler,Inorganic,Chemical
28.287898182230627,73.1150405902013,76.80379852719042,Sandy,North,Drip,Organic,Chemical
16.63981826371987,86.8937357264524,140.89613005060778,Loamy,West,Drip,Inorganic,Biological
25.50179202309119,47.607417865437974,112.36311731496727,Clayey,East,Drip,Inorganic,Chemical
16.26085724377285,76.60002807460123,80.09107045029832,Sandy,South,Drip,Organic,Chemical
16.9188372599739,76.36250280957353,62.48464242150631,Loamy,East,Flood,Inorganic,Biological
23.826592420356448,74.35389644969807,93.19199060354559,Loamy,North,Drip,Inorganic,Chemical
32.06517074038021,66.06123755597437,98.44942694358657,Loamy,South,Flood,Inorganic,Chemical
16.44412418393469,50.528178330439395,60.21559843920925,Clayey,South,Flood,Organic,Chemical
15.601388410916472,44.95832695216584,64.96164256475167,Sandy,East,Drip,Organic,Biological
16.668626736744233,88.21630259612533,91.17343092739591,Sandy,East,Drip,Inorganic,Biological
21.838970486801294,44.66626969604469,87.26422300098548,Sandy,South,Sprinkler,Inorganic,Chemical
18.738963939321152,49.38084284191395,111.65572830497332,Sandy,North,Sprinkler,Inorganic,Chemical
20.802291370135652,81.96156921142996,105.22291569406909,Sandy,South,Sprinkler,Organic,Biological
34.55043994346141,54.30496035084236,148.39366890254655,Loamy,West,Sprinkler,Inorganic,Biological
29.04205413458547,76.2093453739491,114.82889107780662,Loamy,East,Sprinkler,Inorganic,Biological
34.85928322350813,43.22455359755021,88.20173271766457,Sandy,North,Flood,Organic,Biological
25.245787485277262,72.52175326314827,120.3706027633562,Clayey,East,Drip,Inorganic,Chemical
34.988719041597996,78.61048098887983,134.37051746854905,Sandy,North,Sprinkler,Organic,Biological
16.46225395470045,84.1131453850468,127.06793705954843,Loamy,South,Drip,Inorganic,Chemical
17.555900572403623,64.10574048837029,126.5498213668873,Sandy,South,Sprinkler,Inorganic,Biological
25.75096346859643,64.23325689362161,110.25679292064028,Clayey,North,Flood,Inorganic,Chemical
15.070864612147009,79.57157589169354,60.173902210109254,Loamy,North,Flood,Organic,Chemical
16.752807219545357,84.43228159938732,130.27872959031077,Clayey,West,Flood,Organic,Chemical
31.85738580830051,40.90324095012788,89.1882703388281,Loamy,North,Flood,Inorganic,Biological
16.13645267791845,76.06374677117702,53.291124031349455,Sandy,West,Drip,Organic,Chemical
25.692429024046845,42.681910548452734,101.23333865960937,Clayey,South,Drip,Organic,Chemical
23.966374518382974,49.31878841401,64.1586865166726,Sandy,East,Sprinkler,Inorganic,Biological
18.841740088869557,53.39456643773613,140.35469254319457,Sandy,South,Flood,Organic,Chemical
27.277741824322096,80.33128545000051,136.63916599196608,Loamy,South,Sprinkler,Inorganic,Biological
27.26432667144687,60.79774764695709,107.29180444986523,Sandy,East,Flood,Inorganic,Biological
19.330888974561827,86.42482881725476,147.410655390295,Sandy,South,Flood,Inorganic,Biological
21.00259994084096,86.6566545983341,130.25805742952554,Loamy,South,Drip,Inorganic,Chemical
32.621586226737,71.29936637542116,88.84055483188871,Clayey,East,Sprinkler,Inorganic,Biological
20.147338551156192,65.78798299138089,132.71302179785627,Clayey,East,Drip,Organic,Biological
32.64403460863073,82.62218248761607,108.10559202498374,Clayey,South,Flood,Organic,Biological
32.590463171905526,77.36092551374526,54.17477288538075,Clayey,South,Flood,Inorganic,Chemical
27.80252434137055,78.68862206780048,79.61100561697003,Clayey,South,Sprinkler,Organic,Biological
15.03939620086394,57.70526110007019,89.63924641216659,Loamy,South,Flood,Inorganic,Biological
30.60629162928407,82.68569479211584,146.91813946572313,Sandy,East,Flood,Inorganic,Chemical
16.320605162971276,65.40137900613371,65.72471487763829,Sandy,North,Sprinkler,Inorganic,Biological
22.088263594478853,59.730101010022835,127.3734068258775,Clayey,South,Sprinkler,Inorganic,Biological
17.880476180625724,56.08588802691608,145.4280180837489,Loamy,West,Flood,Organic,Biological
22.12414298778525,60.42684140684124,105.1175594917941,Sandy,West,Drip,Organic,Biological
15.261251898286064,84.7387584939674,130.79993808713954,Loamy,West,Drip,Inorganic,Biological
22.87685367905064,82.19855301736293,114.3183116912853,Sandy,North,Flood,Organic,Biological
31.903956016113597,72.30182692172897,55.10653336062674,Clayey,North,Flood,Inorganic,Biological
16.47168651846789,71.74315578121467,119.56328563466755,Clayey,East,Flood,Inorganic,Biological
22.411588834582176,79.10071833742802,135.09473929154268,Clayey,West,Sprinkler,Organic,Biological
21.46471703401083,55.22517674794217,102.12854502428772,Loamy,South,Flood,Organic,Chemical
16.777886919992213,76.17323699381544,108.17200661068594,Sandy,North,Drip,Inorganic,Chemical
29.29719339205264,52.418555963077104,107.09838677787144,Loamy,East,Drip,Organic,Chemical
18.772566305147844,70.1033935709183,76.14149422000077,Loamy,West,Sprinkler,Inorganic,Biological
26.680450125162523,65.01029161808637,143.19221621646454,Sandy,South,Drip,Organic,Biological
27.712749965264493,73.42625680038957,97.57645674812574,Sandy,East,Sprinkler,Inorganic,Chemical
26.35541587412241,85.02988430201631,75.7691530929331,Loamy,East,Flood,Organic,Biological
30.64749461502216,69.01029644082897,108.68744856653527,Loamy,North,Drip,Organic,Biological
17.79815251793294,74.91305721351318,77.05661395435796,Clayey,South,Sprinkler,Organic,Biological
27.91624019493395,59.42732991477268,134.53755745783195,Loamy,West,Sprinkler,Inorganic,Biological
24.507782531096545,71.1204171322096,132.53371239179188,Clayey,East,Flood,Organic,Chemical
21.220172576331635,55.26515512525471,106.9069081085121,Loamy,West,Flood,Organic,Chemical
31.347242733846514,57.29536039494825,77.30672751357585,Loamy,East,Drip,Inorganic,Chemical
28.020035904985413,54.68041697657526,142.1284349498426,Sandy,North,Flood,Organic,Biological
24.61753596381849,89.52844068355019,54.02341108034403,Clayey,South,Flood,Organic,Chemical
31.62992451796538,54.55634421138107,73.52207037909831,Sandy,South,Flood,Inorganic,Biological
21.667756559180773,73.17810341402759,52.148441649209545,Loamy,North,Sprinkler,Organic,Biological
25.895664445769548,73.11841984566715,61.71641132888446,Sandy,South,Sprinkler,Organic,Chemical
30.310923604268154,46.71954283121432,75.10922826312901,Clayey,East,Sprinkler,Organic,Chemical
31.203133746266264,40.536074089081694,98.88431578819103,Loamy,North,Drip,Inorganic,Biological
19.950266897487055,50.22961519802232,56.18878263010213,Loamy,East,Flood,Organic,Biological
26.21190713838829,80.76312432742114,54.976360757945066,Sandy,West,Flood,Organic,Chemical
21.009196337109124,72.01825981841786,93.04486229065024,Sandy,East,Flood,Inorganic,Chemical
31.83554347317514,46.93046650611651,108.88823469526994,Loamy,North,Drip,Organic,Biological
30.144006565197763,62.007309681511224,125.08009399398605,Clayey,North,Drip,Organic,Biological
19.290211814736224,63.96130296729338,116.56646926413487,Sandy,East,Sprinkler,Organic,Chemical
26.54672703748448,85.38762183452731,106.04912933157752,Sandy,North,Flood,Organic,Biological
19.187177151199876,47.541701040505906,133.7442702785702,Clayey,East,Flood,Inorganic,Chemical
20.014439574020933,82.22026091761089,122.75056056708473,Clayey,East,Drip,Organic,Chemical
17.135294344627138,61.06401765736298,73.4350029467123,Sandy,East,Drip,Inorganic,Biological
30.023467794685242,57.302136261091874,122.25101355192903,Clayey,South,Drip,Organic,Chemical
22.010103532528632,47.84048694354876,131.05907669368287,Clayey,East,Drip,Inorganic,Biological
20.230719147245892,50.10236331769622,116.06276179758399,Sandy,West,Sprinkler,Inorganic,Chemical
16.85702124137407,87.58937869155872,119.00595880174231,Loamy,North,Sprinkler,Organic,Chemical
22.81592016814031,51.378638624988504,73.34569745259782,Loamy,West,Flood,Organic,Chemical
21.656391157986366,66.20624570166105,109.56914007165955,Clayey,West,Drip,Organic,Chemical
19.30457532554639,82.20147533953772,81.90657327050181,Clayey,North,Drip,Inorganic,Chemical
15.827392855153475,59.04562211788692,51.73384245721374,Loamy,West,Flood,Inorganic,Biological
31.187480588255607,56.756617513951284,114.99467240862711,Sandy,East,Sprinkler,Organic,Biological
34.73301994747345,54.68354738278218,51.32973663692554,Loamy,South,Sprinkler,Organic,Chemical
31.600733473072214,60.02525358132049,107.06887651146852,Clayey,West,Sprinkler,Organic,Chemical
33.815798378889106,79.04205764018964,137.46682952841866,Loamy,South,Sprinkler,Organic,Biological
32.26588380235778,47.7484374281334,75.63471341856575,Loamy,West,Sprinkler,Organic,Biological
20.419831863365793,87.51695896041835,86.89160938683712,Loamy,North,Flood,Organic,Chemical
34.36642435390231,84.02330527673931,147.2829495929468,Clayey,North,Sprinkler,Inorganic,Biological
29.039976633921846,69.16800068457835,138.7124859184421,Clayey,East,Drip,Organic,Biological
22.96271614050725,53.42369102513258,50.26410335995904,Clayey,West,Flood,Inorganic,Chemical
15.903566159939302,42.18225988588272,131.26092898595965,Loamy,East,Drip,Inorganic,Chemical
26.976223234640543,86.2517554606535,99.90977309868727,Sandy,West,Flood,Organic,Chemical
28.258699981676187,66.34251569276677,89.50774034650186,Clayey,South,Drip,Organic,Biological
30.345592388869527,56.36260858212958,87.7650827782357,Sandy,West,Flood,Inorganic,Biological
21.253276334737897,64.97344817493004,92.89982022479225,Sandy,West,Flood,Inorganic,Biological
19.88726792598552,53.20450510621423,86.64338562393661,Loamy,South,Sprinkler,Inorganic,Chemical
18.633233654606162,71.27508223811456,138.23460334509082,Clayey,North,Drip,Inorganic,Chemical
29.666724154059985,74.84508528088786,76.87676244821172,Loamy,East,Drip,Inorganic,Chemical
30.133296764660656,88.9444347813945,80.35028922376722,Loamy,West,Drip,Organic,Biological
20.922090918743613,88.3065954265744,91.26610116411625,Sandy,East,Sprinkler,Inorganic,Biological
29.439078392151856,84.44753555719444,109.93407312179801,Loamy,East,Drip,Organic,Chemical
16.762663304681453,86.93590292952027,79.17960684665533,Clayey,West,Sprinkler,Organic,Biological
27.400625204046374,83.582558580806,103.75746530606921,Loamy,East,Drip,Inorganic,Chemical
32.49254137756914,48.318573958627844,81.20341962807684,Clayey,South,Drip,Organic,Chemical
23.37282023288554,56.607181851336705,110.39086329242711,Clayey,South,Flood,Inorganic,Biological
27.568268190212194,50.934558900310435,72.31702646583625,Sandy,West,Sprinkler,Inorganic,Biological
25.99400679117927,66.31126322400623,148.21238269059415,Sandy,East,Drip,Organic,Biological
19.357870596780757,58.26194125207671,68.40863097268267,Loamy,North,Sprinkler,Organic,Biological
30.14914648708489,66.09755806283276,140.91362314196243,Loamy,South,Drip,Organic,Chemical
24.481695558171204,47.597012298629544,70.33299032181394,Loamy,South,Flood,Organic,Biological
31.465664409219894,82.64785700271023,113.61762560411941,Loamy,East,Sprinkler,Inorganic,Biological
17.893314655638438,84.29783351154109,145.7023349122958,Clayey,North,Sprinkler,Inorganic,Biological
29.877410953113376,62.77129100801901,126.5296195695232,Clayey,South,Flood,Inorganic,Chemical
17.673947260198425,57.44154315764809,68.48076719512181,Sandy,South,Flood,Inorganic,Biological
30.219083919959193,49.207233120199895,97.15653520403116,Loamy,North,Drip,Inorganic,Chemical
31.460136482010224,80.22196038314465,67.33306752889149,Clayey,North,Sprinkler,Organic,Chemical
26.716336379584842,57.9203790568922,116.59667497573865,Loamy,West,Sprinkler,Organic,Chemical
33.7373641718186,89.0801102204347,138.14351136387492,Loamy,West,Flood,Inorganic,Chemical
18.12965376973559,73.73803559973362,149.7649243624686,Sandy,North,Drip,Organic,Chemical
25.37573198216767,53.42931705813704,93.62223484064106,Sandy,East,Sprinkler,Organic,Chemical
21.743064324868055,43.61126945261026,103.83810456104148,Clayey,South,Flood,Inorganic,Biological
32.87032002682454,47.988411264779785,114.36227215037921,Clayey,South,Flood,Inorganic,Biological
21.769311532521805,46.11476506812319,61.14810312679144,Clayey,West,Flood,Organic,Chemical
21.600883348927475,53.82125629498849,100.69704455286413,Clayey,North,Sprinkler,Inorganic,Biological
20.312948041557863,60.44162082831015,105.92792087034915,Loamy,West,Drip,Inorganic,Biological
34.26063516776452,47.69131407334101,102.19276943250964,Sandy,East,Sprinkler,Organic,Biological
17.98718081094635,58.40615511364315,147.86602656054023,Sandy,West,Sprinkler,Organic,Biological
34.81511406760974,71.27363006449548,80.18415280432998,Sandy,North,Sprinkler,Organic,Chemical
20.20916136317158,63.975879239360076,148.87676043207276,Sandy,East,Drip,Inorganic,Chemical
34.784429088338364,66.8506312825775,60.72798996014617,Loamy,East,Flood,Inorganic,Chemical
25.131869310836265,44.083405350965734,84.61231746406239,Sandy,South,Sprinkler,Inorganic,Biological
34.38226564509867,49.86952463770712,108.76873215082489,Clayey,North,Sprinkler,Inorganic,Biological
33.437074530450005,50.80975768801172,79.17742886384474,Sandy,East,Drip,Inorganic,Chemical
28.265496976876648,75.47990583074088,146.0715548571116,Sandy,West,Flood,Inorganic,Chemical
32.096780298324376,75.51237060395019,127.64217153727515,Sandy,East,Flood,Inorganic,Chemical
15.675865124648443,42.03583736383345,139.43748221465543,Loamy,East,Drip,Inorganic,Biological
23.56151382588192,89.77609313217266,148.76437856517003,Clayey,North,Flood,Inorganic,Biological
21.401558232650473,74.4300888306292,95.35708241813103,Clayey,West,Sprinkler,Organic,Chemical
33.74718453354839,46.158466815778354,133.71287042020805,Sandy,North,Flood,Inorganic,Biological
20.680141628538898,42.755545623925656,124.92266162705317,Loamy,East,Sprinkler,Organic,Biological
18.21515050909396,43.55209301059382,67.95831857885574,Loamy,East,Drip,Inorganic,Biological
27.919573481278672,46.64058409740558,135.69526517123566,Sandy,South,Drip,Inorganic,Chemical
31.678081323602246,56.25632494681511,127.57147182664811,Sandy,West,Flood,Organic,Biological
28.809585843768232,43.41823886141931,52.121926379907,Loamy,North,Flood,Organic,Chemical
34.02174750242439,51.43779132972861,117.0413731379562,Clayey,North,Drip,Inorganic,Chemical
19.982178847623526,55.739642339235616,131.50666693846958,Sandy,West,Flood,Inorganic,Chemical
33.60138603672958,45.42595167208476,135.70812045006062,Loamy,North,Flood,Inorganic,Chemical
17.209285804641222,78.55715838247916,74.80758498711536,Loamy,South,Flood,Organic,Biological
33.3236718357749,64.4420856385947,101.30971698431057,Sandy,South,Flood,Organic,Chemical
26.22464267772103,41.99907489336476,140.01262694458057,Loamy,North,Flood,Organic,Biological
32.446162191969854,78.41400338012392,71.29591459018256,Clayey,East,Flood,Organic,Biological
28.113103236368325,53.70293668917813,113.47168807668655,Clayey,South,Flood,Organic,Chemical
29.179374342679626,81.2083052998066,75.93689985275465,Sandy,North,Sprinkler,Inorganic,Chemical
26.306066718492776,82.57496436788236,122.64642635500981,Loamy,South,Drip,Inorganic,Chemical
17.291263773804534,52.72393222100992,82.3935802670245,Sandy,West,Drip,Inorganic,Biological
31.88561941447347,41.545632064841634,128.5227938807729,Clayey,West,Sprinkler,Organic,Biological
33.92982890304308,56.89616743779992,61.61665430311489,Sandy,West,Sprinkler,Organic,Biological
21.93414568887196,56.571492975284144,93.56099947302624,Clayey,West,Sprinkler,Organic,Chemical
31.339062347175073,67.46502514652981,58.02958110850528,Clayey,East,Flood,Organic,Chemical
19.3144907083158,58.356613491083394,107.7856234632111,Clayey,East,Drip,Inorganic,Chemical
19.78213368479112,85.53222339515165,110.22695892519019,Clayey,North,Drip,Organic,Chemical
20.389165623416112,84.41533883593962,103.08483807338332,Loamy,North,Flood,Organic,Chemical
24.63446662328998,73.10216512563608,139.77682186311955,Loamy,East,Drip,Organic,Chemical
21.171411526589214,76.79138393780585,97.38651015674716,Sandy,East,Sprinkler,Inorganic,Chemical
29.067181460876252,53.93965351571461,94.21149813906439,Loamy,West,Sprinkler,Inorganic,Chemical
16.284848188711226,70.22522080937485,105.001951806049,Clayey,South,Sprinkler,Organic,Biological
15.6023060587695,88.20556586388516,85.33315495047759,Loamy,South,Sprinkler,Organic,Chemical
16.979388405144746,76.26272495476266,86.82468988475486,Clayey,East,Flood,Inorganic,Chemical
30.97121967861888,45.194487175581735,56.35176171191523,Clayey,North,Flood,Inorganic,Chemical
32.68979719687423,57.43814640380215,96.56106034064378,Sandy,South,Drip,Organic,Biological
28.137785697925526,66.89439692410906,124.34058291945723,Loamy,West,Sprinkler,Organic,Chemical
32.22253553281678,41.6101048051799,127.56408037755016,Loamy,South,Flood,Inorganic,Chemical
16.252961313283578,63.64940299830916,147.5199046776767,Sandy,East,Drip,Organic,Chemical
28.55810712447088,78.75894469905175,110.7234940021061,Clayey,South,Sprinkler,Organic,Biological
27.54947205793306,80.19277468338791,93.41982871055949,Sandy,South,Flood,Inorganic,Chemical
28.3588006453724,72.71344306330523,89.68138830351145,Clayey,West,Sprinkler,Organic,Chemical
21.27406618443144,64.31914284882797,133.7669896466016,Clayey,West,Sprinkler,Inorganic,Biological
33.275327376678376,57.77017297315818,100.22701775319699,Clayey,South,Drip,Inorganic,Biological
34.918800254660965,75.77804146009684,115.30697416146391,Clayey,South,Flood,Inorganic,Chemical
25.502089987395216,54.23415058529781,125.46468515356473,Loamy,South,Flood,Inorganic,Chemical
34.362494722743236,89.91322185480121,120.08096691107632,Clayey,North,Drip,Inorganic,Chemical
34.82601752542079,70.59972363622163,149.66051291219895,Clayey,South,Sprinkler,Organic,Biological
16.299988997664435,82.61086018154997,121.41594470561292,Sandy,South,Drip,Organic,Chemical
31.71944555594782,82.84522821739955,56.90378326658537,Loamy,West,Sprinkler,Inorganic,Biological
26.490278688556813,76.24934179417373,134.60647146700273,Sandy,East,Flood,Inorganic,Biological
30.378392244761145,79.2994494130133,88.49551827242655,Loamy,North,Sprinkler,Organic,Chemical
24.073721014292975,68.93789321705768,101.136441314641,Sandy,South,Flood,Inorganic,Biological
27.752897556557564,83.72279462449865,138.27287612465742,Clayey,East,Drip,Organic,Chemical
31.361108040550757,80.16710962163964,136.38386284572547,Sandy,East,Sprinkler,Organic,Biological
32.57013197553768,73.02306847660013,130.34313178481813,Sandy,North,Sprinkler,Organic,Chemical
22.50964876084445,53.554829660974335,143.75770076658011,Sandy,North,Flood,Organic,Biological
28.650967612086117,46.25161774846366,82.19502155904287,Loamy,East,Drip,Inorganic,Biological
21.610587616310248,47.351241304737485,65.49779349230084,Loamy,South,Flood,Inorganic,Biological
22.31398171763542,89.18878120527214,76.88402478294705,Clayey,West,Sprinkler,Inorganic,Chemical
25.406601277672,57.45635848346204,95.72732525899374,Loamy,North,Flood,Inorganic,Biological
26.565398371572716,55.864795142516726,140.75213700120992,Clayey,West,Sprinkler,Organic,Chemical
21.388313101248627,84.11531093616307,89.65581694427216,Clayey,East,Drip,Inorganic,Biological
34.48183364376091,43.59534355582512,129.44040590045176,Sandy,North,Flood,Inorganic,Chemical
18.389546454742668,48.00573411476199,135.83147786706834,Loamy,South,Sprinkler,Inorganic,Biological
22.897603006504088,80.0931777537771,109.2721075492925,Loamy,North,Drip,Inorganic,Biological
18.366176124094316,59.82325872102851,63.66166710918243,Sandy,East,Drip,Inorganic,Biological
16.35107729999526,85.45158118844377,113.76479920416023,Sandy,North,Flood,Organic,Biological
34.597044120005876,51.03702180181819,59.09084523977918,Clayey,South,Drip,Inorganic,Chemical
24.923299312287945,87.20976527083843,85.76458338924616,Sandy,East,Flood,Organic,Chemical
28.418690511033873,86.34271166578759,116.87046245663976,Clayey,North,Flood,Inorganic,Chemical
28.776130052303323,70.83051862614754,91.8136018206026,Sandy,East,Sprinkler,Inorganic,Biological
26.759867861049308,63.894240612712146,99.75262764016503,Loamy,East,Sprinkler,Organic,Chemical
33.115018165551206,61.982984658618435,92.47960380480689,Loamy,South,Flood,Inorganic,Chemical
19.18376556124417,83.6228907092191,134.21872971015597,Clayey,East,Flood,Inorganic,Chemical
15.294402599181288,55.56282166520094,77.75263282286488,Sandy,East,Drip,Inorganic,Biological
20.13095338950366,66.61367503140616,63.268225122409426,Clayey,West,Drip,Organic,Chemical
17.450043338662937,53.07954038742257,149.96165726217842,Clayey,West,Sprinkler,Organic,Biological
29.426204339052845,85.93253166247001,127.18832464218097,Loamy,West,Flood,Inorganic,Biological
29.499591264133283,62.308733631554205,148.50522227382538,Clayey,West,Drip,Inorganic,Chemical
16.5521639552183,75.27687674419047,139.63067114893346,Clayey,West,Drip,Inorganic,Biological
21.814764655994907,81.42416930042498,138.51539048808348,Sandy,West,Drip,Organic,Chemical
34.838031233290295,51.1451456154077,73.39981040415228,Sandy,South,Flood,Inorganic,Chemical
31.684215867939812,69.07023915363769,115.3004104732125,Loamy,North,Drip,Organic,Chemical
20.642595938863746,76.6928779383302,90.47686209431797,Sandy,North,Drip,Organic,Chemical
23.4313886372189,81.90124576008209,93.56898682445022,Clayey,South,Sprinkler,Inorganic,Biological
27.947716383892107,73.10329197644649,127.0505202708184,Clayey,West,Drip,Inorganic,Chemical
31.79852472220479,58.525967576439506,105.66627753898953,Loamy,North,Flood,Inorganic,Biological
24.397089372130367,41.22455445304794,133.06570971651206,Sandy,North,Drip,Organic,Biological
32.062731704643845,50.33264190335894,72.40688223722094,Clayey,East,Flood,Organic,Biological
24.875824604698593,42.26157643004572,106.45127295311167,Sandy,West,Flood,Inorganic,Biological
28.049882398908583,47.378929696323596,81.11227943009622,Sandy,North,Flood,Inorganic,Biological
24.807369020277537,48.15062843552691,73.57358404744059,Clayey,North,Drip,Organic,Chemical
24.529057047450078,69.33052967801544,88.47889898210158,Clayey,West,Flood,Organic,Biological
23.813018464153757,68.48833317765917,118.03847608789006,Clayey,North,Drip,Inorganic,Chemical
28.00127993209287,80.76873238316759,118.98789951842387,Loamy,West,Drip,Organic,Biological
24.09072286927597,74.9014768027791,64.80249846765747,Clayey,North,Drip,Organic,Biological
28.735009871525143,83.11968481840555,132.0070561770462,Loamy,East,Sprinkler,Organic,Chemical
17.44629431828779,85.57701225039025,122.8311917684379,Sandy,West,Sprinkler,Organic,Biological
24.744778657613303,42.88592845102145,116.37350530655621,Clayey,North,Sprinkler,Organic,Biological
20.278002359891953,52.832799718558356,71.86221746474666,Clayey,West,Drip,Organic,Biological
34.213316770143166,40.098007496989474,149.23405785449174,Sandy,East,Flood,Organic,Biological
30.14071067392415,78.5694297385505,53.51550090497968,Loamy,East,Drip,Organic,Biological
34.54350107312932,50.331592805013344,131.4640750254606,Sandy,West,Flood,Inorganic,Chemical
33.10587418173176,83.25203938613345,86.29526388624234,Sandy,South,Sprinkler,Organic,Biological
19.832167075254116,64.31845110771867,83.12573468530937,Sandy,West,Flood,Organic,Biological
23.283267687512236,60.86690607277956,92.75275234183097,Loamy,East,Flood,Organic,Biological
24.764077779791428,61.419201880073004,124.97485613272906,Loamy,North,Drip,Inorganic,Chemical
18.432711498939767,71.49480110674085,142.78109789358433,Loamy,South,Flood,Organic,Chemical
22.06467211417416,40.210603977047604,77.21146474470382,Clayey,North,Sprinkler,Organic,Biological
27.080195063073536,78.77620079878069,83.5686865738673,Loamy,West,Sprinkler,Inorganic,Biological
29.29265524585663,47.182188781960036,94.03679065078536,Clayey,South,Flood,Organic,Chemical
30.306673600308613,51.85152404163861,122.86086174053648,Loamy,North,Flood,Organic,Biological
32.0977036219565,86.45627574813189,62.831410994879846,Sandy,East,Sprinkler,Inorganic,Chemical
25.32027505616013,63.953866271326106,62.52519732783182,Clayey,West,Drip,Organic,Biological
30.76643767612925,55.37773952275883,64.69157574987847,Loamy,West,Sprinkler,Organic,Chemical
34.98391580509251,86.80846144903313,120.22687186961332,Loamy,South,Flood,Inorganic,Chemical
20.83745086347482,42.669084557625105,137.06192242046433,Sandy,North,Drip,Organic,Chemical
20.978505960592067,71.11037663401386,95.66348252906496,Clayey,West,Flood,Inorganic,Biological
16.24967970064276,81.25671457032347,144.6023032239001,Loamy,West,Flood,Organic,Biological
34.758146988544695,87.89019244259222,116.88859631416916,Loamy,West,Drip,Organic,Biological
26.858373896170363,74.8765967462518,99.50165478576734,Loamy,South,Sprinkler,Inorganic,Biological
25.925813054084514,74.88011830264071,108.38028652134105,Sandy,North,Sprinkler,Inorganic,Biological
29.394797579809683,83.54948519282024,130.8012787663439,Loamy,North,Sprinkler,Inorganic,Chemical
33.60780562146791,74.89333844178071,144.65501250450865,Sandy,West,Flood,Organic,Biological
27.630680804118228,51.86305375829596,63.8378845418013,Sandy,West,Drip,Inorganic,Chemical
34.74572621035548,60.549475441138156,85.24780620339685,Clayey,South,Flood,Inorganic,Biological
30.073823272442617,73.57246234214982,143.37820876218012,Clayey,East,Sprinkler,Organic,Chemical
32.962702304483244,54.06518808521932,61.61929052457978,Sandy,South,Flood,Organic,Biological
28.938395502297034,54.81810152767519,85.00102797191597,Sandy,East,Sprinkler,Organic,Chemical
33.72774779873275,58.095906913423015,101.57072436920384,Sandy,West,Drip,Inorganic,Biological
31.522825689531402,71.62246289436264,92.83023275942935,Clayey,East,Drip,Inorganic,Biological
33.98076767672216,45.39931245002427,53.43996874243581,Loamy,West,Flood,Organic,Biological
18.663222323039776,52.75239181766745,121.38463174410013,Sandy,East,Flood,Inorganic,Chemical
18.978437064935562,88.83439067996447,67.20068892854563,Loamy,West,Drip,Inorganic,Chemical
23.139841023784193,72.55847300110636,111.86173588682155,Loamy,West,Drip,Organic,Biological
32.582095794153815,58.48059884576364,76.15152475845164,Sandy,North,Flood,Organic,Chemical
27.659077415881097,58.21288878133154,104.78448554806423,Sandy,North,Flood,Organic,Biological
27.851854544568358,74.31924368048467,69.42343157510408,Clayey,East,Sprinkler,Organic,Biological
27.83618462422001,54.88681624320321,67.6366592403301,Clayey,East,Sprinkler,Organic,Biological
22.197062375997213,69.22466558830308,136.745141837068,Sandy,East,Flood,Organic,Chemical
31.500211449433294,61.3777664852119,79.89021452619042,Clayey,West,Drip,Organic,Chemical
28.172455833237322,73.12861811674324,115.44772249425661,Clayey,North,Flood,Organic,Biological
33.56005193486304,66.66745484392183,125.02399220443569,Clayey,South,Flood,Inorganic,Biological
18.103447764219574,74.79638293766804,96.15369688459243,Loamy,North,Sprinkler,Inorganic,Biological
16.78277747830348,40.99354353797138,50.51716278857806,Loamy,East,Sprinkler,Organic,Chemical
16.435708591086808,53.86163295047773,91.53213320818341,Clayey,North,Drip,Inorganic,Biological
28.869150064425295,56.14150844599831,61.784541290019725,Clayey,West,Sprinkler,Inorganic,Chemical
21.080714943787143,57.63585873185491,117.40796388344224,Sandy,South,Drip,Organic,Chemical
31.17556774574539,41.020077699873504,109.0328505784854,Loamy,South,Flood,Organic,Chemical
29.737451011033595,86.74543902400073,114.15737521119291,Sandy,West,Drip,Inorganic,Biological
30.59715746585188,61.7034496690937,133.97600269733914,Clayey,West,Flood,Inorganic,Chemical
28.08423141417008,50.04035327898202,99.33411284117992,Sandy,South,Flood,Organic,Chemical
17.192853639256384,47.291691633166344,63.84983121346765,Loamy,North,Flood,Organic,Biological
22.836704595337928,88.48186961744693,146.37662444584635,Clayey,East,Drip,Inorganic,Biological
34.816341897930656,62.55763614317062,132.4549766951584,Clayey,East,Drip,Inorganic,Chemical
15.808015386959433,80.2340404073276,86.88461814316771,Loamy,North,Flood,Inorganic,Chemical
19.72925472918609,70.21112065555165,141.6055986148248,Loamy,West,Flood,Organic,Biological
33.54565786130312,54.26603562864834,80.63354037825685,Loamy,West,Drip,Organic,Chemical
27.68456936533919,60.54940163673579,126.75770391005535,Loamy,East,Sprinkler,Inorganic,Chemical
27.444394577392295,86.6324364353676,52.44781582111402,Sandy,West,Sprinkler,Organic,Biological
34.31571725568044,83.27806606721339,115.44059921793371,Sandy,East,Sprinkler,Organic,Biological
22.348994390014845,86.27060473627711,81.5246254598894,Clayey,South,Flood,Inorganic,Chemical
32.69607164015464,86.63543102279068,82.96113958884754,Clayey,East,Flood,Organic,Chemical
15.34617799336581,86.616880080848,100.95190029535766,Clayey,North,Sprinkler,Inorganic,Chemical
32.91130992480632,57.33777809340504,109.76592933494388,Sandy,South,Drip,Inorganic,Chemical
17.49378936574543,74.12908101354128,147.6662387041862,Loamy,North,Sprinkler,Inorganic,Chemical
24.218518100154338,58.13348713048876,108.76904787772872,Loamy,South,Flood,Inorganic,Chemical
18.127749938849334,40.63683811703859,131.25988670253486,Loamy,South,Drip,Organic,Biological
31.223355329266724,89.06469729699168,73.42515628240747,Loamy,South,Sprinkler,Organic,Chemical
24.309386877967427,87.69119175237495,75.74646515239002,Loamy,West,Drip,Organic,Chemical
22.163072063271265,47.19031625396563,89.35798021010064,Sandy,North,Drip,Organic,Biological
20.86648834951637,70.57850503226665,140.2693030667429,Sandy,West,Drip,Inorganic,Biological
31.998933221370855,84.43707837952567,94.69944164203704,Sandy,North,Flood,Inorganic,Biological
15.14364001891283,81.28445035822193,124.05861086019702,Clayey,North,Drip,Inorganic,Chemical
15.274262343920542,67.87930102673884,63.26469924143929,Loamy,East,Drip,Organic,Chemical
16.77167956815922,63.65488718149521,50.67311499279914,Clayey,East,Drip,Organic,Chemical
21.672534148220386,88.1634527191485,101.36807912607247,Loamy,North,Drip,Inorganic,Biological
34.40227148456025,77.85412101790392,67.93153920697972,Clayey,North,Drip,Inorganic,Biological
15.613965321861372,76.35883790596161,90.83749203620894,Loamy,North,Drip,Inorganic,Chemical
30.290448369547548,51.251197412269406,93.58021588681983,Sandy,West,Drip,Inorganic,Biological
15.529535068022536,79.34028712286698,105.60894128646157,Clayey,South,Sprinkler,Inorganic,Biological
15.22463429796275,78.79229199797808,67.64051011199578,Sandy,West,Sprinkler,Inorganic,Chemical
16.86669860964175,67.22578837347508,52.35480774941556,Loamy,North,Flood,Organic,Chemical
30.880057725928726,55.19419636082749,128.7220837661869,Sandy,North,Sprinkler,Inorganic,Chemical
19.155434613776983,74.11291372741658,144.14521669117983,Sandy,East,Sprinkler,Inorganic,Chemical
22.452658159645956,63.8522982837913,75.1832982681276,Sandy,East,Flood,Inorganic,Chemical
26.701064715636328,81.19857154799229,113.09436259327609,Loamy,North,Flood,Inorganic,Chemical
23.18460574353761,44.35354782178031,116.88002530585811,Sandy,North,Sprinkler,Organic,Chemical
24.209264439030168,42.56891780312565,66.73369486824055,Loamy,East,Drip,Inorganic,Chemical
17.598945431029893,75.00266674199688,62.76720692702426,Loamy,West,Sprinkler,Organic,Biological
31.549024808252216,53.558178289580724,87.3320253895836,Sandy,West,Drip,Inorganic,Chemical
27.3306075229067,86.83999880043734,55.21107553213939,Clayey,North,Drip,Organic,Biological
27.683483586480474,87.17058918655995,132.226303925178,Sandy,West,Sprinkler,Inorganic,Chemical
27.885656680602292,74.9069083079756,129.91852630418586,Sandy,North,Flood,Organic,Biological
23.76833459158423,70.48822401421917,116.98087024390149,Loamy,North,Flood,Inorganic,Biological
22.842571057635304,63.492100726940805,113.36046177397145,Clayey,North,Sprinkler,Inorganic,Biological
26.336981168193606,66.06570614112523,125.171620670501,Sandy,East,Sprinkler,Inorganic,Chemical
26.306459480212183,72.6004339474791,98.8193452645326,Sandy,East,Sprinkler,Inorganic,Biological
31.712334427459425,64.79138950904553,120.5037469246618,Loamy,North,Drip,Organic,Chemical
29.79255597760119,82.61817590260736,68.670267427192,Sandy,South,Flood,Inorganic,Biological
24.506883901897645,74.00481102809644,80.89215277740598,Loamy,South,Drip,Organic,Biological
15.30728468118525,69.3743271176833,55.082715550567265,Loamy,West,Sprinkler,Organic,Chemical
29.223426577301154,75.35640904066932,140.7500177138337,Clayey,West,Flood,Organic,Biological
18.131874941445062,68.28838329393108,109.66565587201967,Loamy,West,Drip,Organic,Chemical
24.486924073672704,41.527583112774686,57.80689108661675,Sandy,East,Flood,Inorganic,Biological
23.740977961772316,67.12883873415052,88.96122744647487,Loamy,North,Drip,Organic,Chemical
21.32654445203878,62.71800308878141,71.69232745167979,Loamy,South,Drip,Inorganic,Chemical
19.587546641863558,44.92894119730311,50.38051661230275,Loamy,South,Flood,Organic,Chemical
27.35811504984498,48.3621787875188,59.72487195648304,Loamy,North,Flood,Organic,Chemical
16.09801453563964,59.73437536804798,65.8384986020623,Sandy,West,Sprinkler,Organic,Biological
21.352181723243028,63.133086964564285,131.86968042451295,Loamy,West,Sprinkler,Organic,Biological
28.813213388491285,57.68925722817722,78.61155410109973,Sandy,North,Sprinkler,Organic,Biological
32.78737765195294,47.108969649509376,60.9263143090499,Loamy,West,Flood,Organic,Biological
34.85575842410253,82.57578180416549,84.80241245321919,Clayey,West,Flood,Inorganic,Chemical
25.582545913187786,44.09754012658858,113.7810716216313,Loamy,East,Flood,Inorganic,Chemical
15.170778011964678,40.77991380605449,75.8086794045327,Clayey,South,Drip,Organic,Biological
22.110815341468232,72.65548995377442,78.7174106083926,Clayey,West,Drip,Inorganic,Chemical
28.289504285523616,56.66286908629712,149.5859841757711,Clayey,West,Sprinkler,Organic,Chemical
32.93666402233023,63.69048623900338,99.39331959805669,Sandy,West,Flood,Inorganic,Biological
33.96921222087161,64.9481140139062,60.13721433590157,Loamy,North,Flood,Inorganic,Biological
15.605950339060472,48.62908629048634,89.13632818612531,Sandy,South,Flood,Organic,Chemical
16.905298916272404,63.36640150657266,77.05663387260122,Sandy,West,Sprinkler,Organic,Chemical
28.005694033697456,47.24202264652319,109.35931442233739,Loamy,East,Flood,Organic,Biological
28.522839094403313,81.20866734956525,145.61808764439982,Loamy,East,Drip,Inorganic,Chemical
16.527701834934664,50.73151173214945,128.5105163658722,Clayey,East,Drip,Organic,Chemical
31.39004465361221,52.39147013354739,101.59535978958479,Clayey,South,Flood,Inorganic,Chemical
31.066059624667854,51.51987547158143,76.96746528348183,Sandy,West,Flood,Organic,Chemical
31.635711047652233,81.5661710600684,82.89166355156149,Sandy,West,Drip,Organic,Biological
26.618530556985576,55.576342026281424,79.67075961263923,Sandy,West,Sprinkler,Organic,Chemical
33.413603902689175,84.23527808898909,89.3625149597385,Clayey,East,Sprinkler,Organic,Biological
33.18910384135057,87.8647207444308,114.66293046529789,Loamy,East,Flood,Inorganic,Chemical
34.23165502973931,63.60534717348597,96.49512474298787,Clayey,East,Flood,Organic,Chemical
20.291318130301576,88.54558706144644,73.37564390143477,Loamy,North,Flood,Inorganic,Biological
22.20952157158003,84.60583769764634,69.7311925717722,Clayey,East,Drip,Organic,Chemical
17.077004240361934,62.22610675284341,64.33095962238261,Sandy,West,Flood,Organic,Chemical
31.879315154884797,86.99603489948831,67.7019618079352,Loamy,East,Drip,Organic,Biological
15.494246378170885,70.2083238737267,80.35313760927943,Loamy,East,Flood,Organic,Chemical
15.991518893270548,61.41972648997003,124.4667757272894,Clayey,South,Drip,Inorganic,Biological
23.327809859220118,49.67046465017283,53.09290718653925,Clayey,South,Drip,Organic,Biological
18.277109476771713,78.48112762134434,121.22820209748888,Clayey,West,Sprinkler,Organic,Chemical
28.92487649710649,72.05153255101949,146.9156559876962,Loamy,North,Sprinkler,Organic,Biological
19.6042909322794,58.537537140057076,69.29364630392051,Loamy,West,Drip,Inorganic,Biological
30.258891472252177,51.91699264439566,138.21791563738674,Clayey,North,Sprinkler,Inorganic,Chemical
16.733794223515037,44.76742964568284,67.33441161514386,Sandy,East,Sprinkler,Inorganic,Chemical
34.68624186778555,65.00642786899407,107.06392946038012,Sandy,North,Drip,Organic,Biological
23.21448290778911,71.19774838781886,63.184091583328865,Loamy,North,Sprinkler,Organic,Chemical
16.20004723075526,70.31589136742889,84.62958970309143,Clayey,West,Flood,Organic,Chemical
17.316018310301,55.67710071714428,84.90938849344509,Sandy,West,Sprinkler,Inorganic,Biological
29.775173974548245,68.12863207703376,117.10899910805021,Clayey,North,Sprinkler,Inorganic,Biological
28.11249021195595,84.16514781484733,120.64804154554588,Clayey,South,Flood,Inorganic,Biological
25.74774050339788,60.74700410618363,57.09136653293303,Sandy,East,Drip,Organic,Chemical
29.17491642746676,86.09978591468564,98.02760659448586,Sandy,West,Flood,Inorganic,Chemical
21.240973541727612,67.29975623898827,54.70231651352459,Loamy,South,Sprinkler,Organic,Biological
32.61870649841202,70.97404569792951,84.81989710633172,Clayey,South,Flood,Inorganic,Chemical
26.958700183521795,44.42212122852378,146.17484149928106,Sandy,West,Sprinkler,Organic,Biological
28.429152472583716,49.85426226305255,55.92152950991313,Loamy,West,Flood,Inorganic,Biological
32.12963429648782,44.518110911442996,103.99352340836862,Clayey,South,Drip,Organic,Biological
33.65633069378363,46.353689218104506,142.02229862507852,Clayey,East,Flood,Organic,Biological
17.386966485948033,84.49637751004849,84.94470855928017,Clayey,East,Sprinkler,Inorganic,Biological
32.099929429417664,72.26411038370136,110.34846803766732,Sandy,South,Drip,Inorganic,Biological
33.06847808847091,74.81388984966162,78.8752824632865,Clayey,South,Flood,Inorganic,Chemical
30.186297367277923,88.56564464539275,53.73673046963876,Sandy,South,Sprinkler,Inorganic,Biological
21.58697986754059,47.571173652019546,65.00025046588101,Loamy,East,Sprinkler,Organic,Chemical
22.947960164027517,43.31534417667352,95.90416173390585,Loamy,South,Sprinkler,Organic,Chemical
33.515707798856894,82.57149600882724,64.22160747546883,Sandy,South,Drip,Organic,Chemical
27.93043679525244,64.48621169883788,65.72677863565171,Loamy,West,Sprinkler,Organic,Biological
28.626953129735288,71.24546047795239,107.43047682637702,Loamy,West,Drip,Inorganic,Chemical
24.130996737624674,85.77509882494792,102.30253627655996,Clayey,East,Drip,Organic,Biological
19.92036382342306,69.21768572080475,68.5123946224727,Clayey,East,Flood,Inorganic,Biological
32.5150163499482,52.7392273917741,114.95913107463316,Sandy,East,Sprinkler,Inorganic,Chemical
24.114877511056203,64.94666910669059,53.76305736671597,Clayey,North,Sprinkler,Organic,Chemical
20.64354734895391,74.83546083298226,70.55806747772996,Sandy,North,Drip,Organic,Biological
31.204042836263227,53.21606657794917,91.43585225200573,Sandy,North,Flood,Inorganic,Biological
26.335961834602447,50.07714139596866,53.850963986081,Sandy,West,Drip,Organic,Chemical
17.336897473659953,47.91052102832005,127.05636230906741,Clayey,East,Flood,Organic,Biological
16.58945788255106,52.072506320943376,148.8702060859695,Loamy,West,Sprinkler,Organic,Chemical
33.94204977771885,48.98247989757496,96.59378128698262,Clayey,South,Flood,Organic,Biological
19.179304331407465,84.9229796802073,131.61840314162254,Loamy,East,Drip,Inorganic,Biological
16.236951122448218,83.73431170429185,54.96483546967591,Sandy,South,Flood,Organic,Chemical
22.377540493771573,72.62294169757294,98.31188462264136,Clayey,North,Sprinkler,Organic,Chemical
19.443901355457175,60.90064822680662,83.21225371247547,Loamy,North,Sprinkler,Organic,Biological
23.880210294758207,80.1983103135421,105.57744676238481,Sandy,West,Flood,Inorganic,Chemical
17.823799622943284,47.52961099764667,102.18366377971071,Clayey,South,Sprinkler,Inorganic,Biological
15.619033708311136,77.44304502102986,109.00628540292233,Loamy,South,Flood,Organic,Chemical
20.464915882481762,44.07119694849419,126.4870703518045,Clayey,East,Flood,Inorganic,Biological
17.35502085367851,57.15533664417941,149.617267315962,Loamy,West,Flood,Inorganic,Biological
16.243247815675915,40.09672839827343,72.44928239975758,Clayey,North,Flood,Inorganic,Biological
23.658921594280123,69.11232644930861,85.83027763324498,Clayey,East,Sprinkler,Inorganic,Biological
17.15205958757492,75.85239457590143,122.96065553399009,Clayey,North,Drip,Organic,Chemical
26.735796260063484,76.8170190378995,70.48894243255263,Clayey,West,Sprinkler,Organic,Chemical
26.644272273316208,74.24828759056825,84.2426879896652,Sandy,South,Sprinkler,Organic,Chemical
20.489019507521768,49.24798647643456,72.7564877407939,Sandy,East,Drip,Inorganic,Chemical
17.623688665961705,69.406059701371,148.59825940044564,Loamy,East,Drip,Inorganic,Biological
33.09767739654508,80.73970870912785,92.83673884974164,Clayey,North,Sprinkler,Inorganic,Chemical
17.57573438721942,80.40288189865949,81.88193722498383,Loamy,West,Drip,Inorganic,Biological
22.286937164449018,73.63676535932684,53.76218393960649,Clayey,South,Drip,Organic,Chemical
26.14715315556708,56.268482174103205,123.87017315242373,Loamy,East,Sprinkler,Inorganic,Biological
25.586430626462334,89.9503761230709,136.69135621528517,Sandy,East,Sprinkler,Inorganic,Biological
24.23010133798096,58.734619864441385,55.59347604924777,Clayey,East,Drip,Inorganic,Biological
30.585952501911464,47.898554567689146,141.3101032067271,Sandy,North,Flood,Organic,Biological
24.78718419325327,76.7730633606447,78.27426586572231,Loamy,South,Flood,Inorganic,Chemical
25.369212478766304,76.52280210773603,105.63849657312454,Loamy,South,Sprinkler,Organic,Chemical
21.051445010854184,86.29261591139051,63.78532886798559,Sandy,East,Drip,Organic,Chemical
31.95829901207018,80.09790704655683,107.95333866197952,Sandy,East,Flood,Organic,Biological
20.19437512583125,80.98561103517173,61.26435301354016,Sandy,East,Sprinkler,Organic,Chemical
17.535613067685603,75.35902958246002,61.12950118803524,Sandy,West,Flood,Organic,Chemical
32.71482160709188,78.74445709277467,80.18109951875405,Sandy,West,Sprinkler,Inorganic,Chemical
31.831622017714306,69.2519746269551,87.69345778500644,Loamy,East,Flood,Inorganic,Chemical
18.767109410135557,62.61614961244949,148.2466297783189,Sandy,East,Sprinkler,Inorganic,Chemical
32.99798744186842,61.46842904883576,121.26655180277875,Loamy,North,Sprinkler,Organic,Biological
25.385591893856148,82.76439840427992,131.44921032044704,Clayey,East,Drip,Organic,Biological
29.134373740051878,61.174852425248,117.57103259033421,Loamy,East,Sprinkler,Inorganic,Chemical
15.37809893098544,49.01864408746215,64.26459549910912,Loamy,South,Flood,Organic,Chemical
15.482167010325792,60.765797441157936,75.903509046966,Clayey,East,Flood,Inorganic,Chemical
18.877839372007404,50.51335523251882,122.88630170461641,Sandy,East,Sprinkler,Organic,Biological
28.40929428331938,83.66455851116297,137.97084416997,Clayey,South,Drip,Organic,Biological
28.181409820482624,89.85402517106644,60.98962744945279,Loamy,South,Drip,Organic,Chemical
18.955624956883433,46.333839658844134,60.98978538156652,Sandy,West,Flood,Inorganic,Chemical
29.45965414248019,75.51329176602515,123.9741341357326,Clayey,North,Sprinkler,Inorganic,Chemical
34.019640866053024,64.26261862996621,60.20139922186978,Loamy,North,Flood,Organic,Biological
26.22723297272236,55.84647189784539,130.2639757877501,Clayey,East,Flood,Organic,Chemical
16.97622765100824,65.53479777550834,82.05169404341319,Clayey,South,Sprinkler,Organic,Chemical
22.32136898358606,71.03444749816839,72.03186397801107,Loamy,East,Flood,Organic,Chemical
24.592147899908348,52.08089431884907,52.959598918331984,Loamy,South,Drip,Organic,Biological
16.428580083271264,46.30167439693924,116.99688516817747,Loamy,East,Sprinkler,Organic,Biological
32.3080265346614,44.25393375956544,68.35066326964932,Clayey,East,Sprinkler,Organic,Chemical
25.00256304058346,40.510662880751006,50.501262478147126,Sandy,North,Drip,Organic,Chemical
28.132208139563595,55.0788870066132,100.55021526119376,Clayey,South,Drip,Inorganic,Biological
23.344929682336534,72.40563207898195,103.00458216571836,Clayey,West,Drip,Inorganic,Biological
30.412884043268022,89.74362659480434,51.8320776446861,Clayey,West,Flood,Inorganic,Biological
28.994733125248437,68.07119652627645,66.3492872758737,Loamy,East,Drip,Inorganic,Biological
21.382667285173987,78.17064006175787,73.91517126726515,Loamy,East,Drip,Inorganic,Biological
23.757044601571476,52.37993620864043,87.17404298921353,Loamy,South,Sprinkler,Organic,Biological
26.398740829001,82.63050547159341,105.6327693175713,Loamy,East,Flood,Organic,Chemical
23.267310185000667,80.18934987808743,96.48191277255216,Sandy,West,Drip,Inorganic,Chemical
17.782040152744642,57.10356753559641,55.244539010920626,Sandy,South,Drip,Organic,Biological
30.567914259758695,54.73007122172088,131.63350939154896,Sandy,North,Sprinkler,Inorganic,Biological
33.206810648147055,44.699583658726894,104.01893676062679,Sandy,East,Flood,Organic,Chemical
23.39540579841065,84.46788965026974,58.20885663119311,Loamy,North,Sprinkler,Inorganic,Chemical
17.36531406024477,50.90747511878532,112.83515508470967,Clayey,North,Drip,Organic,Biological
28.07196429809809,82.24179674168272,108.99254610644707,Clayey,South,Flood,Organic,Chemical
30.109336019083205,76.23836153161582,131.7497536737452,Clayey,North,Flood,Inorganic,Biological
34.25045542347549,59.68639766527576,134.2990797975074,Loamy,West,Drip,Inorganic,Chemical
33.093843259977504,70.56477630962908,56.6789005211927,Loamy,West,Drip,Inorganic,Biological
24.938852705822775,40.19949816375294,106.2880773256174,Clayey,South,Flood,Inorganic,Biological
16.73395796682563,55.786690474839325,121.26225111366547,Loamy,West,Drip,Organic,Chemical
34.27827340142446,51.95198293787752,149.1183583912321,Loamy,South,Sprinkler,Organic,Biological
17.160481533036346,48.90242332230015,89.52153265523995,Sandy,East,Sprinkler,Organic,Biological
16.98673216663346,66.06563230303054,114.0886871347769,Clayey,West,Sprinkler,Inorganic,Chemical
34.816958966212965,78.1827173348797,74.75882045152132,Clayey,West,Sprinkler,Inorganic,Chemical
30.521441000819458,59.142474715897066,73.54818637168141,Clayey,East,Drip,Inorganic,Chemical
18.2376315008758,82.33671769949726,92.77701965997585,Loamy,East,Sprinkler,Organic,Chemical
32.40900684332272,71.1942223116929,99.91075700319578,Loamy,North,Sprinkler,Organic,Biological
23.91311125540555,83.18185554264086,60.05743272811996,Loamy,North,Sprinkler,Inorganic,Chemical
33.96910881301259,48.712477051162054,109.13521082732137,Clayey,North,Flood,Inorganic,Chemical
29.170114347758023,49.06152842332107,89.39364337042625,Sandy,North,Flood,Organic,Chemical
16.346917645183176,58.48919885198071,121.3390423156747,Loamy,South,Flood,Organic,Biological
23.74852604657107,80.81832784491051,104.63353121076868,Clayey,North,Flood,Inorganic,Biological
25.015612276759615,61.86438731243456,136.21551000118092,Sandy,West,Sprinkler,Inorganic,Chemical
32.669465935105954,51.29535946254073,149.65351006249978,Loamy,North,Flood,Inorganic,Biological
34.00017170149694,80.103174686085,55.17722182905969,Sandy,East,Flood,Inorganic,Chemical
19.872403335767164,86.40915945855583,84.97048421838151,Clayey,East,Sprinkler,Organic,Biological
19.873096900717208,77.46092195415085,94.26986578235821,Loamy,North,Flood,Organic,Biological
33.89286764181159,59.146540630693565,130.79450274452336,Clayey,North,Drip,Organic,Biological
25.051996418377186,42.45708512613304,87.25107990322981,Clayey,West,Drip,Organic,Biological
33.5577019173472,43.38635524782807,111.69225174244028,Loamy,North,Flood,Organic,Chemical
20.949668126575947,58.936583392971755,74.94842955498294,Clayey,North,Flood,Organic,Chemical
30.478767288914348,43.410982189666726,105.81452566602196,Loamy,South,Flood,Inorganic,Biological
28.697273359379714,76.51944798542507,90.29550300731826,Sandy,East,Drip,Inorganic,Chemical
20.047860058829947,43.88813488877058,112.7523676958368,Loamy,East,Sprinkler,Inorganic,Chemical
21.59146325966556,86.49291161304826,123.67424187586863,Sandy,East,Drip,Inorganic,Biological
18.778073034511205,59.6754282077403,75.38196864060004,Sandy,North,Drip,Inorganic,Chemical
17.91247402201861,75.70367346207875,67.23118343904892,Loamy,South,Flood,Inorganic,Chemical
30.607646010473402,64.8718788756376,121.38820129975265,Loamy,South,Drip,Inorganic,Chemical
27.76622873073523,61.78960926995381,82.47245791864901,Sandy,South,Drip,Organic,Chemical
19.00331636064422,71.72609309053576,76.67159151920754,Loamy,West,Flood,Organic,Biological
24.342001992919286,46.29354038591036,99.94379404543929,Loamy,East,Drip,Inorganic,Chemical
15.959868477279016,44.84982625184172,139.15119339497983,Loamy,North,Flood,Inorganic,Biological
33.112581345041214,42.2911175266753,119.89663433855674,Clayey,West,Sprinkler,Inorganic,Biological
24.18757181979398,53.78636011753196,131.13899361217585,Sandy,South,Sprinkler,Inorganic,Biological
22.348716721126518,47.53015625818607,114.23634995367708,Loamy,West,Flood,Inorganic,Biological
30.450384407087142,55.56636158127723,131.60636356958645,Clayey,East,Flood,Organic,Chemical
23.983895126539238,62.52272633331745,64.5506579949078,Sandy,North,Drip,Organic,Biological
23.937490074921808,76.48824494442026,129.45013073992686,Loamy,North,Sprinkler,Organic,Chemical
22.20499806688607,83.94318657409224,100.4462167079094,Sandy,East,Sprinkler,Inorganic,Chemical
18.50179315951024,82.96117570519448,116.1562450557945,Loamy,East,Drip,Organic,Biological
33.497080721559975,72.76325640894964,79.12887519151606,Clayey,West,Drip,Inorganic,Biological
18.92720501808855,53.15586310335029,118.47436135853027,Sandy,East,Drip,Inorganic,Chemical
17.759376283057115,49.47930480221444,98.7512260914928,Loamy,North,Flood,Inorganic,Biological
33.64422782011,49.458062099753505,67.06745343599637,Loamy,West,Drip,Organic,Chemical
17.45747280388501,84.3847713503018,144.37081918593245,Sandy,North,Sprinkler,Inorganic,Biological
29.762421067987717,83.6780806922717,62.03224998714101,Loamy,East,Sprinkler,Organic,Biological
20.044214744351947,69.97539389944757,84.73706529505179,Sandy,East,Sprinkler,Inorganic,Chemical
26.004300297335924,88.08198681011157,96.3782450412616,Loamy,East,Flood,Inorganic,Chemical
21.688761271462468,43.985712843441654,114.0298564379475,Sandy,North,Sprinkler,Organic,Chemical
27.70039917134094,88.20930910253591,121.86000737245328,Loamy,West,Sprinkler,Inorganic,Biological
30.919798571878843,57.091499262678646,78.9463818064078,Loamy,North,Sprinkler,Inorganic,Chemical
33.06338195202045,61.326866121358655,95.3866517691404,Clayey,North,Sprinkler,Organic,Chemical
25.408512439004607,60.480269661265744,110.13175914340783,Loamy,South,Flood,Organic,Biological
27.83585689733028,44.9490086505132,106.64719891130258,Sandy,South,Sprinkler,Organic,Biological
20.015770750806794,45.82754668777025,92.3501199224445,Loamy,West,Drip,Organic,Biological
22.299222245184243,43.80020964288656,59.96758034103962,Sandy,North,Drip,Organic,Biological
15.169948115963658,87.73500451198632,126.21079315288064,Sandy,North,Flood,Organic,Biological
16.49251999828663,80.59180330235479,88.04687656111082,Clayey,South,Flood,Organic,Chemical
24.37361035106467,77.98804356184587,113.85331069256085,Sandy,South,Sprinkler,Inorganic,Chemical
24.15702344527854,64.1749799809281,58.250620352801164,Clayey,North,Flood,Inorganic,Chemical
27.579870883525338,59.19707716035889,118.53401472371948,Sandy,South,Drip,Inorganic,Biological
33.44016937366758,56.40355516184303,148.61080965152917,Loamy,West,Flood,Inorganic,Biological
33.30659445978069,57.77435874843377,50.68297729403499,Loamy,South,Flood,Organic,Chemical
23.596966785077264,55.91063473545318,103.0245552183288,Sandy,North,Sprinkler,Organic,Chemical
25.23670871557117,64.9218535637191,93.75100692639354,Sandy,North,Sprinkler,Inorganic,Biological
25.920245458449465,81.15909533591251,144.83025282598703,Clayey,East,Flood,Inorganic,Chemical
20.832319796239247,55.784897719896264,143.96730528828286,Loamy,North,Sprinkler,Organic,Biological
21.547316950776793,48.841010899475556,82.33491965517777,Loamy,South,Drip,Inorganic,Chemical
33.00999555744521,40.49191622281404,76.79611234485341,Clayey,West,Flood,Inorganic,Chemical
23.092643185601204,55.866757565774456,91.02669369953821,Loamy,East,Drip,Organic,Biological
20.128327822293656,75.93593884558655,50.7709265004647,Sandy,West,Sprinkler,Organic,Biological
32.95367648106769,79.45203162775829,116.80642390210699,Sandy,North,Sprinkler,Organic,Chemical
21.139409699764858,50.68969725698023,124.71927342594941,Sandy,East,Sprinkler,Inorganic,Biological
31.377210152702347,87.05094064360215,141.63675016480613,Loamy,West,Drip,Organic,Chemical
25.41006902266215,60.10085861071737,72.9213547519982,Loamy,South,Sprinkler,Organic,Chemical
24.67948843665325,74.85708295047452,73.72354868847007,Clayey,West,Drip,Inorganic,Biological
15.487956713594988,70.03868548190553,63.759041160234176,Loamy,East,Drip,Organic,Chemical
19.16784675486756,78.87873450120026,87.2610817919104,Clayey,South,Flood,Inorganic,Biological
28.984543008933787,53.38197325244645,82.5343127058245,Loamy,South,Flood,Organic,Chemical
21.062589213294682,82.87948022824345,140.99384237432258,Loamy,North,Drip,Organic,Biological
25.027124364161512,58.40580435213316,148.83785190773597,Loamy,South,Drip,Organic,Biological
31.57318661406417,72.89705235264188,149.41804929858074,Loamy,South,Sprinkler,Organic,Biological
25.290411533569888,55.436451761906845,54.50443454404267,Sandy,South,Drip,Organic,Biological
26.5633052912077,49.0456170880855,144.29401223316682,Clayey,East,Flood,Inorganic,Chemical
18.476525055280597,44.15979746292244,79.6021316712255,Clayey,West,Sprinkler,Organic,Chemical
30.24108615321527,68.41256453841055,87.07376464808675,Clayey,West,Sprinkler,Organic,Chemical
27.06541240870287,55.45948871776706,127.70577536876735,Clayey,West,Sprinkler,Organic,Biological
33.601080730999044,61.17691903360707,95.38013562054334,Sandy,South,Sprinkler,Organic,Biological
31.527106161297894,47.695267974379746,149.80646270189797,Clayey,West,Sprinkler,Organic,Biological
19.199672696531287,55.37264525054906,134.27605594539375,Clayey,South,Drip,Inorganic,Chemical
34.16487794910121,83.57148920172187,119.31393523704375,Clayey,West,Sprinkler,Inorganic,Biological
29.15272580670327,58.820300078009346,104.19351459211342,Loamy,West,Drip,Organic,Biological
17.272844807741198,41.82897428283467,120.01252673453581,Sandy,South,Sprinkler,Inorganic,Chemical
29.83043347304453,84.82184637926065,130.06835353550684,Sandy,East,Drip,Organic,Biological
29.976440689544884,78.4691812731034,96.4486801642349,Loamy,West,Flood,Inorganic,Biological
32.56873127498778,64.6216286296991,55.16346452722875,Loamy,East,Flood,Organic,Chemical
29.62787814622878,70.05032077610593,105.23236419072192,Clayey,East,Drip,Organic,Chemical
32.46117550572774,62.93057005639916,147.09575064324275,Loamy,West,Sprinkler,Organic,Biological
17.37443259479321,45.88692553149643,113.79059725852774,Loamy,West,Drip,Organic,Chemical
28.016217130122815,59.2333315585724,134.32248295381066,Sandy,West,Drip,Inorganic,Chemical
30.094997471958287,52.67538913813736,71.54011193988961,Loamy,North,Drip,Organic,Biological
27.940304396089985,72.83571637255227,115.58590050440529,Clayey,East,Flood,Organic,Chemical
19.041082836688656,72.19316098593725,114.32072552774754,Loamy,East,Flood,Inorganic,Biological
28.243560889430498,58.24778011001234,58.03704071146394,Sandy,North,Sprinkler,Inorganic,Chemical
23.07237282510762,80.21333243796869,121.40003391469453,Sandy,East,Flood,Organic,Chemical
15.157227680965521,43.49099346683903,82.14049565082658,Clayey,East,Drip,Organic,Biological
33.60434604725346,52.04645885873573,64.1034898689266,Sandy,North,Sprinkler,Inorganic,Chemical
15.120726667177113,71.23432567027393,69.33574856805336,Sandy,North,Sprinkler,Inorganic,Biological
31.437510272200463,85.12137499637157,109.6699944832067,Clayey,North,Drip,Inorganic,Biological
32.74607519959005,83.61777432164587,105.97867902465791,Sandy,West,Flood,Inorganic,Biological
19.176361693594686,62.7340823301734,142.4687978249997,Sandy,North,Flood,Organic,Biological
18.97166923439589,66.54136290851372,138.50483024391966,Loamy,South,Drip,Inorganic,Chemical
26.93840057418024,40.51038825433153,125.67793029914208,Sandy,North,Flood,Inorganic,Biological
34.174769385342884,43.87619221907008,114.18956178324994,Sandy,South,Flood,Inorganic,Biological
23.82645034711123,88.69681899824009,123.98597616047326,Loamy,South,Drip,Organic,Biological
32.65632162135327,54.476910579879274,107.5659351770862,Sandy,South,Sprinkler,Inorganic,Biological
21.088811651325976,61.681306472632585,132.70489663324668,Loamy,East,Sprinkler,Inorganic,Chemical
32.45217404659853,46.81727382618118,137.36961216766136,Sandy,South,Sprinkler,Organic,Biological
22.661674647110615,89.13854641475942,83.8005447832812,Loamy,East,Sprinkler,Organic,Chemical
28.04048851180941,68.67758179777817,116.7761415407083,Sandy,North,Flood,Organic,Chemical
34.61668592711081,85.92965514775432,82.5755014174294,Loamy,South,Drip,Inorganic,Chemical
28.959572901594775,66.53225154153394,115.44053561153554,Loamy,South,Sprinkler,Inorganic,Chemical
22.859211789529294,80.88248599308137,136.32624401344694,Loamy,West,Drip,Inorganic,Chemical
23.488228074929367,54.874599870605486,89.12847342730936,Clayey,West,Sprinkler,Inorganic,Biological
28.37529090126897,40.79589014052109,130.81421457538278,Clayey,North,Flood,Organic,Chemical
17.793439182945793,78.81808597433619,112.27481335045161,Clayey,West,Drip,Organic,Chemical
25.304405747217963,45.23751963505527,60.32868055265361,Clayey,West,Flood,Organic,Biological
17.192812209916827,67.3595149811637,123.61443898420613,Loamy,West,Drip,Organic,Chemical
20.955142377035735,49.247568166118214,96.71592567011223,Loamy,North,Flood,Organic,Chemical
23.641754550116833,49.30367111468088,122.0078648303006,Loamy,West,Flood,Inorganic,Chemical
32.44056513894597,73.48566551768062,93.78534617489373,Sandy,East,Flood,Inorganic,Biological
20.968294837223006,45.418651868859854,119.01980052617522,Loamy,West,Sprinkler,Organic,Biological
22.219221125264212,52.320999888735635,75.52900205707085,Loamy,East,Sprinkler,Inorganic,Biological
31.54204617432947,55.03860521635972,111.31406563196728,Clayey,South,Drip,Inorganic,Biological
25.66458183196233,83.92044870940806,59.454266724141846,Sandy,West,Drip,Inorganic,Biological
24.075437852195627,72.23763509084378,134.79685485694768,Loamy,North,Drip,Inorganic,Chemical
29.1389508460721,42.71657348630151,120.83470133298106,Clayey,East,Sprinkler,Inorganic,Chemical
32.253976291340464,57.87990812680428,146.19173870660705,Loamy,West,Sprinkler,Organic,Chemical
16.373281722747446,57.2443855631561,104.70175658044775,Sandy,South,Flood,Organic,Chemical
34.26749785222142,49.42645149666941,125.0101840411431,Sandy,West,Flood,Organic,Biological
29.35537445564688,74.82218814480086,113.19191942816536,Loamy,West,Sprinkler,Inorganic,Chemical
23.374507933899423,57.647922741389905,70.06168201340827,Sandy,South,Sprinkler,Inorganic,Chemical
26.716007121857814,52.7994884027586,86.9738719994452,Clayey,North,Drip,Organic,Chemical
21.28506577034178,61.881378153385086,78.57419167795047,Loamy,North,Sprinkler,Inorganic,Chemical
28.97043376688583,81.70995133622401,89.6506311164332,Sandy,South,Flood,Organic,Chemical
27.673949852963855,51.93353254513155,66.07025190755968,Clayey,North,Drip,Inorganic,Biological
33.1830628683362,85.0902832348956,93.30215033494991,Sandy,West,Flood,Organic,Biological
22.788351945913426,89.96606189334072,137.9579998728616,Loamy,North,Drip,Inorganic,Chemical
29.362909761555905,52.783443572123936,83.41975110124702,Clayey,West,Flood,Inorganic,Biological
21.622150222455748,79.28875860029595,111.72379130489716,Loamy,South,Flood,Organic,Chemical
29.507235254524524,41.04954773795215,94.95755265611771,Sandy,South,Sprinkler,Inorganic,Chemical
19.1890580116548,89.38994730944665,50.06635282286531,Sandy,West,Flood,Organic,Biological
18.005645052774565,86.0047588292654,81.20270333737628,Sandy,West,Sprinkler,Organic,Chemical
24.224030500010656,85.83249837493338,109.05928211122668,Clayey,East,Drip,Organic,Chemical
29.675110372327154,69.0724742271265,76.2712165574884,Loamy,South,Flood,Inorganic,Biological
18.684843872281068,87.92931899162966,84.24874348463496,Sandy,South,Drip,Organic,Chemical
29.82123377164548,81.32056303804916,127.49919980928924,Clayey,North,Sprinkler,Inorganic,Biological
29.13916009370112,66.48677822451705,64.41891833102413,Sandy,North,Sprinkler,Inorganic,Chemical
24.20836812392954,75.58214743169849,142.69034215240197,Clayey,North,Flood,Inorganic,Biological
17.521854224953163,65.47085528578424,84.75200803314456,Sandy,North,Drip,Inorganic,Chemical
29.204885567654202,57.94098522116222,144.2383878402303,Sandy,West,Flood,Inorganic,Chemical
22.4613143115818,58.82872824763952,98.47269383989489,Clayey,North,Drip,Inorganic,Biological
32.38056729382048,86.65043354046216,100.67091087206761,Loamy,West,Flood,Inorganic,Chemical
26.861919956163348,87.79976091823741,93.77081396268048,Clayey,North,Drip,Inorganic,Chemical
23.714386535161672,79.69113440932321,53.27229845280834,Sandy,South,Flood,Inorganic,Biological
22.67364930778391,44.309992661016004,103.31149826318378,Loamy,South,Drip,Inorganic,Chemical
30.891538177907897,69.12878368929094,82.88717882898844,Sandy,North,Sprinkler,Organic,Biological
15.058763946843692,69.25722368096851,53.72331781657632,Clayey,West,Sprinkler,Organic,Biological
16.65338424286548,62.16268014673294,51.86013281631799,Clayey,West,Flood,Organic,Chemical
34.201781695766655,60.82319582259657,95.72585993062899,Loamy,South,Flood,Organic,Chemical
20.308155726334782,44.55441079280456,70.92482274355115,Sandy,West,Sprinkler,Inorganic,Chemical
23.86610882017108,79.40037518480389,107.08383172205282,Sandy,South,Drip,Inorganic,Biological
20.105640032047116,71.36654185080774,88.46753619268078,Loamy,West,Sprinkler,Inorganic,Biological
27.748094629485927,71.79735927138056,103.96150052392682,Sandy,South,Flood,Organic,Biological
20.935305641181603,69.43305334463474,139.01899078423253,Loamy,South,Flood,Inorganic,Chemical
22.0527210897772,68.13292104161361,70.71415413133704,Sandy,North,Drip,Organic,Biological
19.71850451354476,65.13286057732726,89.25946710020965,Sandy,East,Sprinkler,Organic,Chemical
18.457851620894207,46.58917509900267,78.98238847554634,Clayey,North,Sprinkler,Inorganic,Biological
26.885966627094675,42.45938876880668,110.18135050243541,Sandy,North,Sprinkler,Organic,Biological
21.58353166011398,49.10502013505486,56.1908847679622,Clayey,North,Flood,Inorganic,Biological
22.30169097058031,68.99863500854458,140.57083128467772,Loamy,South,Sprinkler,Inorganic,Biological
29.744779749075267,46.827060439044644,79.28199421593001,Sandy,South,Flood,Organic,Biological
15.997346703773882,49.9002384745127,56.8301416745839,Clayey,South,Drip,Organic,Chemical
24.879889628110508,51.34288373199839,98.85096829627702,Sandy,East,Drip,Inorganic,Chemical
25.492544258128696,47.10222779651706,58.738861636087925,Sandy,South,Flood,Inorganic,Biological
20.05838935731041,77.66943227571738,139.6044377014674,Sandy,South,Flood,Organic,Biological
31.479616434897824,73.89394918037144,106.65284088009005,Clayey,West,Drip,Organic,Chemical
20.549027381408443,47.205276928014456,133.88121022831115,Sandy,South,Flood,Inorganic,Chemical
17.531222373051126,73.05545052788544,59.30368169519728,Clayey,North,Sprinkler,Inorganic,Biological
34.05178486077456,51.14816688851948,112.00353592526749,Loamy,North,Flood,Inorganic,Biological
18.935905198705075,64.26289456800659,142.95272944068557,Clayey,West,Sprinkler,Organic,Biological
